id,region_id,store_id,deal_id,status,platform_category_id
1,54,3,1,0,3
2,54,3,3,0,13
3,54,3,4,0,5
4,54,3,5,0,14
5,54,3,6,0,4
6,54,3,7,0,4
7,54,3,8,0,4
8,54,3,9,0,4
9,54,3,10,0,4
10,54,3,11,0,4
11,54,3,12,0,4
12,54,3,13,0,3
13,54,3,14,0,3
14,54,3,15,0,3
15,54,3,16,0,3
16,54,3,17,0,13
17,54,3,18,0,13
18,54,3,19,0,13
19,54,3,20,0,13
20,54,3,21,0,13
21,54,3,22,0,4
22,54,3,23,0,4
23,54,3,24,0,4
24,54,3,25,0,4
25,54,3,26,0,4
26,54,3,27,0,4
27,54,3,28,0,4
28,54,3,29,0,3
29,54,3,30,0,3
30,54,3,31,0,3
31,54,3,32,0,3
32,54,3,33,0,13
33,54,3,34,0,13
34,54,3,35,0,13
35,54,3,36,0,13
36,54,3,37,0,13
37,54,3,38,0,13
38,54,3,39,0,13
39,54,3,40,0,13
40,54,3,41,0,13
41,54,3,42,0,13
42,54,18,1,0,3
43,54,18,3,0,13
44,54,18,4,0,5
45,54,18,5,0,14
46,54,18,6,0,4
47,54,18,7,0,4
48,54,18,8,0,4
49,54,18,9,0,4
50,54,18,10,0,4
51,54,18,11,0,4
52,54,18,12,0,4
53,54,18,13,0,3
54,54,18,14,0,3
55,54,18,15,0,3
56,54,18,16,0,3
57,54,18,17,0,13
58,54,18,18,0,13
59,54,18,19,0,13
60,54,18,20,0,13
61,54,18,21,0,13
62,54,18,22,0,4
63,54,18,23,0,4
64,54,18,24,0,4
65,54,18,25,0,4
66,54,18,26,0,4
67,54,18,27,0,4
68,54,18,28,0,4
69,54,18,29,0,3
70,54,18,30,0,3
71,54,18,31,0,3
72,54,18,32,0,3
73,54,18,33,0,13
74,54,18,34,0,13
75,54,18,35,0,13
76,54,18,36,0,13
77,54,18,37,0,13
78,54,18,38,0,13
79,54,18,39,0,13
80,54,18,40,0,13
81,54,18,41,0,13
82,54,18,42,0,13
83,54,16,1,0,3
84,54,16,3,0,13
85,54,16,4,0,5
86,54,16,5,0,14
87,54,16,6,0,4
88,54,16,7,0,4
89,54,16,8,0,4
90,54,16,9,0,4
91,54,16,10,0,4
92,54,16,11,0,4
93,54,16,12,0,4
94,54,16,13,0,3
95,54,16,14,0,3
96,54,16,15,0,3
97,54,16,16,0,3
98,54,16,17,0,13
99,54,16,18,0,13
100,54,16,19,0,13
101,54,16,20,0,13
102,54,16,21,0,13
103,54,16,22,0,4
104,54,16,23,0,4
105,54,16,24,0,4
106,54,16,25,0,4
107,54,16,26,0,4
108,54,16,27,0,4
109,54,16,28,0,4
110,54,16,29,0,3
111,54,16,30,0,3
112,54,16,31,0,3
113,54,16,32,0,3
114,54,16,33,0,13
115,54,16,34,0,13
116,54,16,35,0,13
117,54,16,36,0,13
118,54,16,37,0,13
119,54,16,38,0,13
120,54,16,39,0,13
121,54,16,40,0,13
122,54,16,41,0,13
123,54,16,42,0,13
124,54,51,1,0,3
125,54,51,3,0,13
126,54,51,4,0,5
127,54,51,5,0,14
128,54,51,6,0,4
129,54,51,7,0,4
130,54,51,8,0,4
131,54,51,9,0,4
132,54,51,10,0,4
133,54,51,11,0,4
134,54,51,12,0,4
135,54,51,13,0,3
136,54,51,14,0,3
137,54,51,15,0,3
138,54,51,16,0,3
139,54,51,17,0,13
140,54,51,18,0,13
141,54,51,19,0,13
142,54,51,20,0,13
143,54,51,21,0,13
144,54,51,22,0,4
145,54,51,23,0,4
146,54,51,24,0,4
147,54,51,25,0,4
148,54,51,26,0,4
149,54,51,27,0,4
150,54,51,28,0,4
151,54,51,29,0,3
152,54,51,30,0,3
153,54,51,31,0,3
154,54,51,32,0,3
155,54,51,33,0,13
156,54,51,34,0,13
157,54,51,35,0,13
158,54,51,36,0,13
159,54,51,37,0,13
160,54,51,38,0,13
161,54,51,39,0,13
162,54,51,40,0,13
163,54,51,41,0,13
164,54,51,42,0,13
165,54,8,1,0,3
166,54,8,3,0,13
167,54,8,4,0,5
168,54,8,5,0,14
169,54,8,6,0,4
170,54,8,7,0,4
171,54,8,8,0,4
172,54,8,9,0,4
173,54,8,10,0,4
174,54,8,11,0,4
175,54,8,12,0,4
176,54,8,13,0,3
177,54,8,14,0,3
178,54,8,15,0,3
179,54,8,16,0,3
180,54,8,17,0,13
181,54,8,18,0,13
182,54,8,19,0,13
183,54,8,20,0,13
184,54,8,21,0,13
185,54,8,22,0,4
186,54,8,23,0,4
187,54,8,24,0,4
188,54,8,25,0,4
189,54,8,26,0,4
190,54,8,27,0,4
191,54,8,28,0,4
192,54,8,29,0,3
193,54,8,30,0,3
194,54,8,31,0,3
195,54,8,32,0,3
196,54,8,33,0,13
197,54,8,34,0,13
198,54,8,35,0,13
199,54,8,36,0,13
200,54,8,37,0,13
201,54,8,38,0,13
202,54,8,39,0,13
203,54,8,40,0,13
204,54,8,41,0,13
205,54,8,42,0,13
206,54,52,1,0,3
207,54,52,3,0,13
208,54,52,4,0,5
209,54,52,5,0,14
210,54,52,6,0,4
211,54,52,7,0,4
212,54,52,8,0,4
213,54,52,9,0,4
214,54,52,10,0,4
215,54,52,11,0,4
216,54,52,12,0,4
217,54,52,13,0,3
218,54,52,14,0,3
219,54,52,15,0,3
220,54,52,16,0,3
221,54,52,17,0,13
222,54,52,18,0,13
223,54,52,19,0,13
224,54,52,20,0,13
225,54,52,21,0,13
226,54,52,22,0,4
227,54,52,23,0,4
228,54,52,24,0,4
229,54,52,25,0,4
230,54,52,26,0,4
231,54,52,27,0,4
232,54,52,28,0,4
233,54,52,29,0,3
234,54,52,30,0,3
235,54,52,31,0,3
236,54,52,32,0,3
237,54,52,33,0,13
238,54,52,34,0,13
239,54,52,35,0,13
240,54,52,36,0,13
241,54,52,37,0,13
242,54,52,38,0,13
243,54,52,39,0,13
244,54,52,40,0,13
245,54,52,41,0,13
246,54,52,42,0,13
247,54,61,1,0,3
248,54,61,3,0,13
249,54,61,4,0,5
250,54,61,5,0,14
251,54,61,6,0,4
252,54,61,7,0,4
253,54,61,8,0,4
254,54,61,9,0,4
255,54,61,10,0,4
256,54,61,11,0,4
257,54,61,12,0,4
258,54,61,13,0,3
259,54,61,14,0,3
260,54,61,15,0,3
261,54,61,16,0,3
262,54,61,17,0,13
263,54,61,18,0,13
264,54,61,19,0,13
265,54,61,20,0,13
266,54,61,21,0,13
267,54,61,22,0,4
268,54,61,23,0,4
269,54,61,24,0,4
270,54,61,25,0,4
271,54,61,26,0,4
272,54,61,27,0,4
273,54,61,28,0,4
274,54,61,29,0,3
275,54,61,30,0,3
276,54,61,31,0,3
277,54,61,32,0,3
278,54,61,33,0,13
279,54,61,34,0,13
280,54,61,35,0,13
281,54,61,36,0,13
282,54,61,37,0,13
283,54,61,38,0,13
284,54,61,39,0,13
285,54,61,40,0,13
286,54,61,41,0,13
287,54,61,42,0,13
288,54,90,1,0,3
289,54,90,3,0,13
290,54,90,4,0,5
291,54,90,5,0,14
292,54,90,6,0,4
293,54,90,7,0,4
294,54,90,8,0,4
295,54,90,9,0,4
296,54,90,10,0,4
297,54,90,11,0,4
298,54,90,12,0,4
299,54,90,13,0,3
300,54,90,14,0,3
301,54,90,15,0,3
302,54,90,16,0,3
303,54,90,17,0,13
304,54,90,18,0,13
305,54,90,19,0,13
306,54,90,20,0,13
307,54,90,21,0,13
308,54,90,22,0,4
309,54,90,23,0,4
310,54,90,24,0,4
311,54,90,25,0,4
312,54,90,26,0,4
313,54,90,27,0,4
314,54,90,28,0,4
315,54,90,29,0,3
316,54,90,30,0,3
317,54,90,31,0,3
318,54,90,32,0,3
319,54,90,33,0,13
320,54,90,34,0,13
321,54,90,35,0,13
322,54,90,36,0,13
323,54,90,37,0,13
324,54,90,38,0,13
325,54,90,39,0,13
326,54,90,40,0,13
327,54,90,41,0,13
328,54,90,42,0,13
329,54,62,1,0,3
330,54,62,3,0,13
331,54,62,4,0,5
332,54,62,5,0,14
333,54,62,6,0,4
334,54,62,7,0,4
335,54,62,8,0,4
336,54,62,9,0,4
337,54,62,10,0,4
338,54,62,11,0,4
339,54,62,12,0,4
340,54,62,13,0,3
341,54,62,14,0,3
342,54,62,15,0,3
343,54,62,16,0,3
344,54,62,17,0,13
345,54,62,18,0,13
346,54,62,19,0,13
347,54,62,20,0,13
348,54,62,21,0,13
349,54,62,22,0,4
350,54,62,23,0,4
351,54,62,24,0,4
352,54,62,25,0,4
353,54,62,26,0,4
354,54,62,27,0,4
355,54,62,28,0,4
356,54,62,29,0,3
357,54,62,30,0,3
358,54,62,31,0,3
359,54,62,32,0,3
360,54,62,33,0,13
361,54,62,34,0,13
362,54,62,35,0,13
363,54,62,36,0,13
364,54,62,37,0,13
365,54,62,38,0,13
366,54,62,39,0,13
367,54,62,40,0,13
368,54,62,41,0,13
369,54,62,42,0,13
370,54,89,1,0,3
371,54,89,3,0,13
372,54,89,4,0,5
373,54,89,5,0,14
374,54,89,6,0,4
375,54,89,7,0,4
376,54,89,8,0,4
377,54,89,9,0,4
378,54,89,10,0,4
379,54,89,11,0,4
380,54,89,12,0,4
381,54,89,13,0,3
382,54,89,14,0,3
383,54,89,15,0,3
384,54,89,16,0,3
385,54,89,17,0,13
386,54,89,18,0,13
387,54,89,19,0,13
388,54,89,20,0,13
389,54,89,21,0,13
390,54,89,22,0,4
391,54,89,23,0,4
392,54,89,24,0,4
393,54,89,25,0,4
394,54,89,26,0,4
395,54,89,27,0,4
396,54,89,28,0,4
397,54,89,29,0,3
398,54,89,30,0,3
399,54,89,31,0,3
400,54,89,32,0,3
401,54,89,33,0,13
402,54,89,34,0,13
403,54,89,35,0,13
404,54,89,36,0,13
405,54,89,37,0,13
406,54,89,38,0,13
407,54,89,39,0,13
408,54,89,40,0,13
409,54,89,41,0,13
410,54,89,42,0,13
411,54,88,1,0,3
412,54,88,3,0,13
413,54,88,4,0,5
414,54,88,5,0,14
415,54,88,6,0,4
416,54,88,7,0,4
417,54,88,8,0,4
418,54,88,9,0,4
419,54,88,10,0,4
420,54,88,11,0,4
421,54,88,12,0,4
422,54,88,13,0,3
423,54,88,14,0,3
424,54,88,15,0,3
425,54,88,16,0,3
426,54,88,17,0,13
427,54,88,18,0,13
428,54,88,19,0,13
429,54,88,20,0,13
430,54,88,21,0,13
431,54,88,22,0,4
432,54,88,23,0,4
433,54,88,24,0,4
434,54,88,25,0,4
435,54,88,26,0,4
436,54,88,27,0,4
437,54,88,28,0,4
438,54,88,29,0,3
439,54,88,30,0,3
440,54,88,31,0,3
441,54,88,32,0,3
442,54,88,33,0,13
443,54,88,34,0,13
444,54,88,35,0,13
445,54,88,36,0,13
446,54,88,37,0,13
447,54,88,38,0,13
448,54,88,39,0,13
449,54,88,40,0,13
450,54,88,41,0,13
451,54,88,42,0,13
452,54,64,1,0,3
453,54,64,3,0,13
454,54,64,4,0,5
455,54,64,5,0,14
456,54,64,6,0,4
457,54,64,7,0,4
458,54,64,8,0,4
459,54,64,9,0,4
460,54,64,10,0,4
461,54,64,11,0,4
462,54,64,12,0,4
463,54,64,13,0,3
464,54,64,14,0,3
465,54,64,15,0,3
466,54,64,16,0,3
467,54,64,17,0,13
468,54,64,18,0,13
469,54,64,19,0,13
470,54,64,20,0,13
471,54,64,21,0,13
472,54,64,22,0,4
473,54,64,23,0,4
474,54,64,24,0,4
475,54,64,25,0,4
476,54,64,26,0,4
477,54,64,27,0,4
478,54,64,28,0,4
479,54,64,29,0,3
480,54,64,30,0,3
481,54,64,31,0,3
482,54,64,32,0,3
483,54,64,33,0,13
484,54,64,34,0,13
485,54,64,35,0,13
486,54,64,36,0,13
487,54,64,37,0,13
488,54,64,38,0,13
489,54,64,39,0,13
490,54,64,40,0,13
491,54,64,41,0,13
492,54,64,42,0,13
493,54,97,1,0,3
494,54,97,3,0,13
495,54,97,4,0,5
496,54,97,5,0,14
497,54,97,6,0,4
498,54,97,7,0,4
499,54,97,8,0,4
500,54,97,9,0,4
501,54,97,10,0,4
502,54,97,11,0,4
503,54,97,12,0,4
504,54,97,13,0,3
505,54,97,14,0,3
506,54,97,15,0,3
507,54,97,16,0,3
508,54,97,17,0,13
509,54,97,18,0,13
510,54,97,19,0,13
511,54,97,20,0,13
512,54,97,21,0,13
513,54,97,22,0,4
514,54,97,23,0,4
515,54,97,24,0,4
516,54,97,25,0,4
517,54,97,26,0,4
518,54,97,27,0,4
519,54,97,28,0,4
520,54,97,29,0,3
521,54,97,30,0,3
522,54,97,31,0,3
523,54,97,32,0,3
524,54,97,33,0,13
525,54,97,34,0,13
526,54,97,35,0,13
527,54,97,36,0,13
528,54,97,37,0,13
529,54,97,38,0,13
530,54,97,39,0,13
531,54,97,40,0,13
532,54,97,41,0,13
533,54,97,42,0,13
534,54,63,1,0,3
535,54,63,3,0,13
536,54,63,4,0,5
537,54,63,5,0,14
538,54,63,6,0,4
539,54,63,7,0,4
540,54,63,8,0,4
541,54,63,9,0,4
542,54,63,10,0,4
543,54,63,11,0,4
544,54,63,12,0,4
545,54,63,13,0,3
546,54,63,14,0,3
547,54,63,15,0,3
548,54,63,16,0,3
549,54,63,17,0,13
550,54,63,18,0,13
551,54,63,19,0,13
552,54,63,20,0,13
553,54,63,21,0,13
554,54,63,22,0,4
555,54,63,23,0,4
556,54,63,24,0,4
557,54,63,25,0,4
558,54,63,26,0,4
559,54,63,27,0,4
560,54,63,28,0,4
561,54,63,29,0,3
562,54,63,30,0,3
563,54,63,31,0,3
564,54,63,32,0,3
565,54,63,33,0,13
566,54,63,34,0,13
567,54,63,35,0,13
568,54,63,36,0,13
569,54,63,37,0,13
570,54,63,38,0,13
571,54,63,39,0,13
572,54,63,40,0,13
573,54,63,41,0,13
574,54,63,42,0,13
575,54,104,1,0,3
576,54,104,3,0,13
577,54,104,4,0,5
578,54,104,5,0,14
579,54,104,6,0,4
580,54,104,7,0,4
581,54,104,8,0,4
582,54,104,9,0,4
583,54,104,10,0,4
584,54,104,11,0,4
585,54,104,12,0,4
586,54,104,13,0,3
587,54,104,14,0,3
588,54,104,15,0,3
589,54,104,16,0,3
590,54,104,17,0,13
591,54,104,18,0,13
592,54,104,19,0,13
593,54,104,20,0,13
594,54,104,21,0,13
595,54,104,22,0,4
596,54,104,23,0,4
597,54,104,24,0,4
598,54,104,25,0,4
599,54,104,26,0,4
600,54,104,27,0,4
601,54,104,28,0,4
602,54,104,29,0,3
603,54,104,30,0,3
604,54,104,31,0,3
605,54,104,32,0,3
606,54,104,33,0,13
607,54,104,34,0,13
608,54,104,35,0,13
609,54,104,36,0,13
610,54,104,37,0,13
611,54,104,38,0,13
612,54,104,39,0,13
613,54,104,40,0,13
614,54,104,41,0,13
615,54,104,42,0,13
616,54,60,1,0,3
617,54,60,3,0,13
618,54,60,4,0,5
619,54,60,5,0,14
620,54,60,6,0,4
621,54,60,7,0,4
622,54,60,8,0,4
623,54,60,9,0,4
624,54,60,10,0,4
625,54,60,11,0,4
626,54,60,12,0,4
627,54,60,13,0,3
628,54,60,14,0,3
629,54,60,15,0,3
630,54,60,16,0,3
631,54,60,17,0,13
632,54,60,18,0,13
633,54,60,19,0,13
634,54,60,20,0,13
635,54,60,21,0,13
636,54,60,22,0,4
637,54,60,23,0,4
638,54,60,24,0,4
639,54,60,25,0,4
640,54,60,26,0,4
641,54,60,27,0,4
642,54,60,28,0,4
643,54,60,29,0,3
644,54,60,30,0,3
645,54,60,31,0,3
646,54,60,32,0,3
647,54,60,33,0,13
648,54,60,34,0,13
649,54,60,35,0,13
650,54,60,36,0,13
651,54,60,37,0,13
652,54,60,38,0,13
653,54,60,39,0,13
654,54,60,40,0,13
655,54,60,41,0,13
656,54,60,42,0,13
657,54,65,1,0,3
658,54,65,3,0,13
659,54,65,4,0,5
660,54,65,5,0,14
661,54,65,6,0,4
662,54,65,7,0,4
663,54,65,8,0,4
664,54,65,9,0,4
665,54,65,10,0,4
666,54,65,11,0,4
667,54,65,12,0,4
668,54,65,13,0,3
669,54,65,14,0,3
670,54,65,15,0,3
671,54,65,16,0,3
672,54,65,17,0,13
673,54,65,18,0,13
674,54,65,19,0,13
675,54,65,20,0,13
676,54,65,21,0,13
677,54,65,22,0,4
678,54,65,23,0,4
679,54,65,24,0,4
680,54,65,25,0,4
681,54,65,26,0,4
682,54,65,27,0,4
683,54,65,28,0,4
684,54,65,29,0,3
685,54,65,30,0,3
686,54,65,31,0,3
687,54,65,32,0,3
688,54,65,33,0,13
689,54,65,34,0,13
690,54,65,35,0,13
691,54,65,36,0,13
692,54,65,37,0,13
693,54,65,38,0,13
694,54,65,39,0,13
695,54,65,40,0,13
696,54,65,41,0,13
697,54,65,42,0,13
698,54,99,1,0,3
699,54,99,3,0,13
700,54,99,4,0,5
701,54,99,5,0,14
702,54,99,6,0,4
703,54,99,7,0,4
704,54,99,8,0,4
705,54,99,9,0,4
706,54,99,10,0,4
707,54,99,11,0,4
708,54,99,12,0,4
709,54,99,13,0,3
710,54,99,14,0,3
711,54,99,15,0,3
712,54,99,16,0,3
713,54,99,17,0,13
714,54,99,18,0,13
715,54,99,19,0,13
716,54,99,20,0,13
717,54,99,21,0,13
718,54,99,22,0,4
719,54,99,23,0,4
720,54,99,24,0,4
721,54,99,25,0,4
722,54,99,26,0,4
723,54,99,27,0,4
724,54,99,28,0,4
725,54,99,29,0,3
726,54,99,30,0,3
727,54,99,31,0,3
728,54,99,32,0,3
729,54,99,33,0,13
730,54,99,34,0,13
731,54,99,35,0,13
732,54,99,36,0,13
733,54,99,37,0,13
734,54,99,38,0,13
735,54,99,39,0,13
736,54,99,40,0,13
737,54,99,41,0,13
738,54,99,42,0,13
739,54,105,1,0,3
740,54,105,3,0,13
741,54,105,4,0,5
742,54,105,5,0,14
743,54,105,6,0,4
744,54,105,7,0,4
745,54,105,8,0,4
746,54,105,9,0,4
747,54,105,10,0,4
748,54,105,11,0,4
749,54,105,12,0,4
750,54,105,13,0,3
751,54,105,14,0,3
752,54,105,15,0,3
753,54,105,16,0,3
754,54,105,17,0,13
755,54,105,18,0,13
756,54,105,19,0,13
757,54,105,20,0,13
758,54,105,21,0,13
759,54,105,22,0,4
760,54,105,23,0,4
761,54,105,24,0,4
762,54,105,25,0,4
763,54,105,26,0,4
764,54,105,27,0,4
765,54,105,28,0,4
766,54,105,29,0,3
767,54,105,30,0,3
768,54,105,31,0,3
769,54,105,32,0,3
770,54,105,33,0,13
771,54,105,34,0,13
772,54,105,35,0,13
773,54,105,36,0,13
774,54,105,37,0,13
775,54,105,38,0,13
776,54,105,39,0,13
777,54,105,40,0,13
778,54,105,41,0,13
779,54,105,42,0,13
780,54,106,1,0,3
781,54,106,3,0,13
782,54,106,4,0,5
783,54,106,5,0,14
784,54,106,6,0,4
785,54,106,7,0,4
786,54,106,8,0,4
787,54,106,9,0,4
788,54,106,10,0,4
789,54,106,11,0,4
790,54,106,12,0,4
791,54,106,13,0,3
792,54,106,14,0,3
793,54,106,15,0,3
794,54,106,16,0,3
795,54,106,17,0,13
796,54,106,18,0,13
797,54,106,19,0,13
798,54,106,20,0,13
799,54,106,21,0,13
800,54,106,22,0,4
801,54,106,23,0,4
802,54,106,24,0,4
803,54,106,25,0,4
804,54,106,26,0,4
805,54,106,27,0,4
806,54,106,28,0,4
807,54,106,29,0,3
808,54,106,30,0,3
809,54,106,31,0,3
810,54,106,32,0,3
811,54,106,33,0,13
812,54,106,34,0,13
813,54,106,35,0,13
814,54,106,36,0,13
815,54,106,37,0,13
816,54,106,38,0,13
817,54,106,39,0,13
818,54,106,40,0,13
819,54,106,41,0,13
820,54,106,42,0,13
821,54,107,1,0,3
822,54,107,3,0,13
823,54,107,4,0,5
824,54,107,5,0,14
825,54,107,6,0,4
826,54,107,7,0,4
827,54,107,8,0,4
828,54,107,9,0,4
829,54,107,10,0,4
830,54,107,11,0,4
831,54,107,12,0,4
832,54,107,13,0,3
833,54,107,14,0,3
834,54,107,15,0,3
835,54,107,16,0,3
836,54,107,17,0,13
837,54,107,18,0,13
838,54,107,19,0,13
839,54,107,20,0,13
840,54,107,21,0,13
841,54,107,22,0,4
842,54,107,23,0,4
843,54,107,24,0,4
844,54,107,25,0,4
845,54,107,26,0,4
846,54,107,27,0,4
847,54,107,28,0,4
848,54,107,29,0,3
849,54,107,30,0,3
850,54,107,31,0,3
851,54,107,32,0,3
852,54,107,33,0,13
853,54,107,34,0,13
854,54,107,35,0,13
855,54,107,36,0,13
856,54,107,37,0,13
857,54,107,38,0,13
858,54,107,39,0,13
859,54,107,40,0,13
860,54,107,41,0,13
861,54,107,42,0,13
862,54,108,1,0,3
863,54,108,3,0,13
864,54,108,4,0,5
865,54,108,5,0,14
866,54,108,6,0,4
867,54,108,7,0,4
868,54,108,8,0,4
869,54,108,9,0,4
870,54,108,10,0,4
871,54,108,11,0,4
872,54,108,12,0,4
873,54,108,13,0,3
874,54,108,14,0,3
875,54,108,15,0,3
876,54,108,16,0,3
877,54,108,17,0,13
878,54,108,18,0,13
879,54,108,19,0,13
880,54,108,20,0,13
881,54,108,21,0,13
882,54,108,22,0,4
883,54,108,23,0,4
884,54,108,24,0,4
885,54,108,25,0,4
886,54,108,26,0,4
887,54,108,27,0,4
888,54,108,28,0,4
889,54,108,29,0,3
890,54,108,30,0,3
891,54,108,31,0,3
892,54,108,32,0,3
893,54,108,33,0,13
894,54,108,34,0,13
895,54,108,35,0,13
896,54,108,36,0,13
897,54,108,37,0,13
898,54,108,38,0,13
899,54,108,39,0,13
900,54,108,40,0,13
901,54,108,41,0,13
902,54,108,42,0,13
903,54,109,1,0,3
904,54,109,3,0,13
905,54,109,4,0,5
906,54,109,5,0,14
907,54,109,6,0,4
908,54,109,7,0,4
909,54,109,8,0,4
910,54,109,9,0,4
911,54,109,10,0,4
912,54,109,11,0,4
913,54,109,12,0,4
914,54,109,13,0,3
915,54,109,14,0,3
916,54,109,15,0,3
917,54,109,16,0,3
918,54,109,17,0,13
919,54,109,18,0,13
920,54,109,19,0,13
921,54,109,20,0,13
922,54,109,21,0,13
923,54,109,22,0,4
924,54,109,23,0,4
925,54,109,24,0,4
926,54,109,25,0,4
927,54,109,26,0,4
928,54,109,27,0,4
929,54,109,28,0,4
930,54,109,29,0,3
931,54,109,30,0,3
932,54,109,31,0,3
933,54,109,32,0,3
934,54,109,33,0,13
935,54,109,34,0,13
936,54,109,35,0,13
937,54,109,36,0,13
938,54,109,37,0,13
939,54,109,38,0,13
940,54,109,39,0,13
941,54,109,40,0,13
942,54,109,41,0,13
943,54,109,42,0,13
944,54,110,1,0,3
945,54,110,3,0,13
946,54,110,4,0,5
947,54,110,5,0,14
948,54,110,6,0,4
949,54,110,7,0,4
950,54,110,8,0,4
951,54,110,9,0,4
952,54,110,10,0,4
953,54,110,11,0,4
954,54,110,12,0,4
955,54,110,13,0,3
956,54,110,14,0,3
957,54,110,15,0,3
958,54,110,16,0,3
959,54,110,17,0,13
960,54,110,18,0,13
961,54,110,19,0,13
962,54,110,20,0,13
963,54,110,21,0,13
964,54,110,22,0,4
965,54,110,23,0,4
966,54,110,24,0,4
967,54,110,25,0,4
968,54,110,26,0,4
969,54,110,27,0,4
970,54,110,28,0,4
971,54,110,29,0,3
972,54,110,30,0,3
973,54,110,31,0,3
974,54,110,32,0,3
975,54,110,33,0,13
976,54,110,34,0,13
977,54,110,35,0,13
978,54,110,36,0,13
979,54,110,37,0,13
980,54,110,38,0,13
981,54,110,39,0,13
982,54,110,40,0,13
983,54,110,41,0,13
984,54,110,42,0,13
985,54,111,1,0,3
986,54,111,3,0,13
987,54,111,4,0,5
988,54,111,5,0,14
989,54,111,6,0,4
990,54,111,7,0,4
991,54,111,8,0,4
992,54,111,9,0,4
993,54,111,10,0,4
994,54,111,11,0,4
995,54,111,12,0,4
996,54,111,13,0,3
997,54,111,14,0,3
998,54,111,15,0,3
999,54,111,16,0,3
1000,54,111,17,0,13
1001,54,111,18,0,13
1002,54,111,19,0,13
1003,54,111,20,0,13
1004,54,111,21,0,13
1005,54,111,22,0,4
1006,54,111,23,0,4
1007,54,111,24,0,4
1008,54,111,25,0,4
1009,54,111,26,0,4
1010,54,111,27,0,4
1011,54,111,28,0,4
1012,54,111,29,0,3
1013,54,111,30,0,3
1014,54,111,31,0,3
1015,54,111,32,0,3
1016,54,111,33,0,13
1017,54,111,34,0,13
1018,54,111,35,0,13
1019,54,111,36,0,13
1020,54,111,37,0,13
1021,54,111,38,0,13
1022,54,111,39,0,13
1023,54,111,40,0,13
1024,54,111,41,0,13
1025,54,111,42,0,13
1026,54,112,1,0,3
1027,54,112,3,0,13
1028,54,112,4,0,5
1029,54,112,5,0,14
1030,54,112,6,0,4
1031,54,112,7,0,4
1032,54,112,8,0,4
1033,54,112,9,0,4
1034,54,112,10,0,4
1035,54,112,11,0,4
1036,54,112,12,0,4
1037,54,112,13,0,3
1038,54,112,14,0,3
1039,54,112,15,0,3
1040,54,112,16,0,3
1041,54,112,17,0,13
1042,54,112,18,0,13
1043,54,112,19,0,13
1044,54,112,20,0,13
1045,54,112,21,0,13
1046,54,112,22,0,4
1047,54,112,23,0,4
1048,54,112,24,0,4
1049,54,112,25,0,4
1050,54,112,26,0,4
1051,54,112,27,0,4
1052,54,112,28,0,4
1053,54,112,29,0,3
1054,54,112,30,0,3
1055,54,112,31,0,3
1056,54,112,32,0,3
1057,54,112,33,0,13
1058,54,112,34,0,13
1059,54,112,35,0,13
1060,54,112,36,0,13
1061,54,112,37,0,13
1062,54,112,38,0,13
1063,54,112,39,0,13
1064,54,112,40,0,13
1065,54,112,41,0,13
1066,54,112,42,0,13
1067,54,113,1,0,3
1068,54,113,3,0,13
1069,54,113,4,0,5
1070,54,113,5,0,14
1071,54,113,6,0,4
1072,54,113,7,0,4
1073,54,113,8,0,4
1074,54,113,9,0,4
1075,54,113,10,0,4
1076,54,113,11,0,4
1077,54,113,12,0,4
1078,54,113,13,0,3
1079,54,113,14,0,3
1080,54,113,15,0,3
1081,54,113,16,0,3
1082,54,113,17,0,13
1083,54,113,18,0,13
1084,54,113,19,0,13
1085,54,113,20,0,13
1086,54,113,21,0,13
1087,54,113,22,0,4
1088,54,113,23,0,4
1089,54,113,24,0,4
1090,54,113,25,0,4
1091,54,113,26,0,4
1092,54,113,27,0,4
1093,54,113,28,0,4
1094,54,113,29,0,3
1095,54,113,30,0,3
1096,54,113,31,0,3
1097,54,113,32,0,3
1098,54,113,33,0,13
1099,54,113,34,0,13
1100,54,113,35,0,13
1101,54,113,36,0,13
1102,54,113,37,0,13
1103,54,113,38,0,13
1104,54,113,39,0,13
1105,54,113,40,0,13
1106,54,113,41,0,13
1107,54,113,42,0,13
1108,54,114,1,0,3
1109,54,114,3,0,13
1110,54,114,4,0,5
1111,54,114,5,0,14
1112,54,114,6,0,4
1113,54,114,7,0,4
1114,54,114,8,0,4
1115,54,114,9,0,4
1116,54,114,10,0,4
1117,54,114,11,0,4
1118,54,114,12,0,4
1119,54,114,13,0,3
1120,54,114,14,0,3
1121,54,114,15,0,3
1122,54,114,16,0,3
1123,54,114,17,0,13
1124,54,114,18,0,13
1125,54,114,19,0,13
1126,54,114,20,0,13
1127,54,114,21,0,13
1128,54,114,22,0,4
1129,54,114,23,0,4
1130,54,114,24,0,4
1131,54,114,25,0,4
1132,54,114,26,0,4
1133,54,114,27,0,4
1134,54,114,28,0,4
1135,54,114,29,0,3
1136,54,114,30,0,3
1137,54,114,31,0,3
1138,54,114,32,0,3
1139,54,114,33,0,13
1140,54,114,34,0,13
1141,54,114,35,0,13
1142,54,114,36,0,13
1143,54,114,37,0,13
1144,54,114,38,0,13
1145,54,114,39,0,13
1146,54,114,40,0,13
1147,54,114,41,0,13
1148,54,114,42,0,13
1149,54,115,1,0,3
1150,54,115,3,0,13
1151,54,115,4,0,5
1152,54,115,5,0,14
1153,54,115,6,0,4
1154,54,115,7,0,4
1155,54,115,8,0,4
1156,54,115,9,0,4
1157,54,115,10,0,4
1158,54,115,11,0,4
1159,54,115,12,0,4
1160,54,115,13,0,3
1161,54,115,14,0,3
1162,54,115,15,0,3
1163,54,115,16,0,3
1164,54,115,17,0,13
1165,54,115,18,0,13
1166,54,115,19,0,13
1167,54,115,20,0,13
1168,54,115,21,0,13
1169,54,115,22,0,4
1170,54,115,23,0,4
1171,54,115,24,0,4
1172,54,115,25,0,4
1173,54,115,26,0,4
1174,54,115,27,0,4
1175,54,115,28,0,4
1176,54,115,29,0,3
1177,54,115,30,0,3
1178,54,115,31,0,3
1179,54,115,32,0,3
1180,54,115,33,0,13
1181,54,115,34,0,13
1182,54,115,35,0,13
1183,54,115,36,0,13
1184,54,115,37,0,13
1185,54,115,38,0,13
1186,54,115,39,0,13
1187,54,115,40,0,13
1188,54,115,41,0,13
1189,54,115,42,0,13
1190,54,116,1,0,3
1191,54,116,3,0,13
1192,54,116,4,0,5
1193,54,116,5,0,14
1194,54,116,6,0,4
1195,54,116,7,0,4
1196,54,116,8,0,4
1197,54,116,9,0,4
1198,54,116,10,0,4
1199,54,116,11,0,4
1200,54,116,12,0,4
1201,54,116,13,0,3
1202,54,116,14,0,3
1203,54,116,15,0,3
1204,54,116,16,0,3
1205,54,116,17,0,13
1206,54,116,18,0,13
1207,54,116,19,0,13
1208,54,116,20,0,13
1209,54,116,21,0,13
1210,54,116,22,0,4
1211,54,116,23,0,4
1212,54,116,24,0,4
1213,54,116,25,0,4
1214,54,116,26,0,4
1215,54,116,27,0,4
1216,54,116,28,0,4
1217,54,116,29,0,3
1218,54,116,30,0,3
1219,54,116,31,0,3
1220,54,116,32,0,3
1221,54,116,33,0,13
1222,54,116,34,0,13
1223,54,116,35,0,13
1224,54,116,36,0,13
1225,54,116,37,0,13
1226,54,116,38,0,13
1227,54,116,39,0,13
1228,54,116,40,0,13
1229,54,116,41,0,13
1230,54,116,42,0,13
1231,54,117,1,0,3
1232,54,117,3,0,13
1233,54,117,4,0,5
1234,54,117,5,0,14
1235,54,117,6,0,4
1236,54,117,7,0,4
1237,54,117,8,0,4
1238,54,117,9,0,4
1239,54,117,10,0,4
1240,54,117,11,0,4
1241,54,117,12,0,4
1242,54,117,13,0,3
1243,54,117,14,0,3
1244,54,117,15,0,3
1245,54,117,16,0,3
1246,54,117,17,0,13
1247,54,117,18,0,13
1248,54,117,19,0,13
1249,54,117,20,0,13
1250,54,117,21,0,13
1251,54,117,22,0,4
1252,54,117,23,0,4
1253,54,117,24,0,4
1254,54,117,25,0,4
1255,54,117,26,0,4
1256,54,117,27,0,4
1257,54,117,28,0,4
1258,54,117,29,0,3
1259,54,117,30,0,3
1260,54,117,31,0,3
1261,54,117,32,0,3
1262,54,117,33,0,13
1263,54,117,34,0,13
1264,54,117,35,0,13
1265,54,117,36,0,13
1266,54,117,37,0,13
1267,54,117,38,0,13
1268,54,117,39,0,13
1269,54,117,40,0,13
1270,54,117,41,0,13
1271,54,117,42,0,13
1272,54,118,1,0,3
1273,54,118,3,0,13
1274,54,118,4,0,5
1275,54,118,5,0,14
1276,54,118,6,0,4
1277,54,118,7,0,4
1278,54,118,8,0,4
1279,54,118,9,0,4
1280,54,118,10,0,4
1281,54,118,11,0,4
1282,54,118,12,0,4
1283,54,118,13,0,3
1284,54,118,14,0,3
1285,54,118,15,0,3
1286,54,118,16,0,3
1287,54,118,17,0,13
1288,54,118,18,0,13
1289,54,118,19,0,13
1290,54,118,20,0,13
1291,54,118,21,0,13
1292,54,118,22,0,4
1293,54,118,23,0,4
1294,54,118,24,0,4
1295,54,118,25,0,4
1296,54,118,26,0,4
1297,54,118,27,0,4
1298,54,118,28,0,4
1299,54,118,29,0,3
1300,54,118,30,0,3
1301,54,118,31,0,3
1302,54,118,32,0,3
1303,54,118,33,0,13
1304,54,118,34,0,13
1305,54,118,35,0,13
1306,54,118,36,0,13
1307,54,118,37,0,13
1308,54,118,38,0,13
1309,54,118,39,0,13
1310,54,118,40,0,13
1311,54,118,41,0,13
1312,54,118,42,0,13
1313,54,119,1,0,3
1314,54,119,3,0,13
1315,54,119,4,0,5
1316,54,119,5,0,14
1317,54,119,6,0,4
1318,54,119,7,0,4
1319,54,119,8,0,4
1320,54,119,9,0,4
1321,54,119,10,0,4
1322,54,119,11,0,4
1323,54,119,12,0,4
1324,54,119,13,0,3
1325,54,119,14,0,3
1326,54,119,15,0,3
1327,54,119,16,0,3
1328,54,119,17,0,13
1329,54,119,18,0,13
1330,54,119,19,0,13
1331,54,119,20,0,13
1332,54,119,21,0,13
1333,54,119,22,0,4
1334,54,119,23,0,4
1335,54,119,24,0,4
1336,54,119,25,0,4
1337,54,119,26,0,4
1338,54,119,27,0,4
1339,54,119,28,0,4
1340,54,119,29,0,3
1341,54,119,30,0,3
1342,54,119,31,0,3
1343,54,119,32,0,3
1344,54,119,33,0,13
1345,54,119,34,0,13
1346,54,119,35,0,13
1347,54,119,36,0,13
1348,54,119,37,0,13
1349,54,119,38,0,13
1350,54,119,39,0,13
1351,54,119,40,0,13
1352,54,119,41,0,13
1353,54,119,42,0,13
1354,54,120,1,0,3
1355,54,120,3,0,13
1356,54,120,4,0,5
1357,54,120,5,0,14
1358,54,120,6,0,4
1359,54,120,7,0,4
1360,54,120,8,0,4
1361,54,120,9,0,4
1362,54,120,10,0,4
1363,54,120,11,0,4
1364,54,120,12,0,4
1365,54,120,13,0,3
1366,54,120,14,0,3
1367,54,120,15,0,3
1368,54,120,16,0,3
1369,54,120,17,0,13
1370,54,120,18,0,13
1371,54,120,19,0,13
1372,54,120,20,0,13
1373,54,120,21,0,13
1374,54,120,22,0,4
1375,54,120,23,0,4
1376,54,120,24,0,4
1377,54,120,25,0,4
1378,54,120,26,0,4
1379,54,120,27,0,4
1380,54,120,28,0,4
1381,54,120,29,0,3
1382,54,120,30,0,3
1383,54,120,31,0,3
1384,54,120,32,0,3
1385,54,120,33,0,13
1386,54,120,34,0,13
1387,54,120,35,0,13
1388,54,120,36,0,13
1389,54,120,37,0,13
1390,54,120,38,0,13
1391,54,120,39,0,13
1392,54,120,40,0,13
1393,54,120,41,0,13
1394,54,120,42,0,13
