-- phpMyAdmin SQL Dump
-- version 5.1.1
-- https://www.phpmyadmin.net/
--
-- Host: 127.0.0.1
-- Generation Time: May 12, 2023 at 06:12 PM
-- Server version: 10.4.22-MariaDB
-- PHP Version: 7.3.33

SET SQL_MODE = "NO_AUTO_VALUE_ON_ZERO";
START TRANSACTION;
SET time_zone = "+00:00";


/*!40101 SET @OLD_CHARACTER_SET_CLIENT=@@CHARACTER_SET_CLIENT */;
/*!40101 SET @OLD_CHARACTER_SET_RESULTS=@@CHARACTER_SET_RESULTS */;
/*!40101 SET @OLD_COLLATION_CONNECTION=@@COLLATION_CONNECTION */;
/*!40101 SET NAMES utf8mb4 */;

--
-- Database: `internal_quality_audit`
--

-- --------------------------------------------------------

--
-- Table structure for table `form_audit_type`
--

CREATE TABLE `form_audit_type` (
  `id` int(11) NOT NULL,
  `type_name` varchar(64) DEFAULT NULL
) ENGINE=InnoDB DEFAULT CHARSET=utf8mb4;

--
-- Dumping data for table `form_audit_type`
--

INSERT INTO `form_audit_type` (`id`, `type_name`) VALUES
(1, 'Lifestyle'),
(2, 'Inline'),
(3, 'Community'),
(4, 'kiosk');

-- --------------------------------------------------------

--
-- Table structure for table `form_category`
--

CREATE TABLE `form_category` (
  `id` int(11) NOT NULL,
  `Name` varchar(64) DEFAULT NULL
) ENGINE=InnoDB DEFAULT CHARSET=utf8mb4;

--
-- Dumping data for table `form_category`
--

INSERT INTO `form_category` (`id`, `Name`) VALUES
(1, 'Environment'),
(2, 'Customer Service'),
(3, 'Safety'),
(4, 'Product Standard'),
(5, 'Materials Management'),
(6, 'Cash Handling'),
(7, 'Equipment Maintenance'),
(8, 'Resource Management');

-- --------------------------------------------------------

--
-- Table structure for table `form_criteria_availability`
--

CREATE TABLE `form_criteria_availability` (
  `id` int(11) NOT NULL,
  `question_id` int(11) DEFAULT NULL,
  `audit_id` int(11) DEFAULT NULL
) ENGINE=InnoDB DEFAULT CHARSET=utf8mb4;

--
-- Dumping data for table `form_criteria_availability`
--

INSERT INTO `form_criteria_availability` (`id`, `question_id`, `audit_id`) VALUES
(1, 1, 1),
(2, 1, 2),
(3, 1, 3),
(4, 1, 4),
(5, 2, 1),
(6, 2, 2),
(7, 2, 3),
(8, 2, 4),
(9, 3, 1),
(10, 3, 2),
(11, 3, 3),
(12, 3, 4),
(13, 4, 1),
(14, 4, 2),
(15, 4, 4),
(16, 5, 1),
(17, 5, 2),
(18, 5, 3),
(19, 5, 4),
(20, 6, 1),
(21, 6, 2),
(22, 6, 3),
(23, 6, 4),
(24, 7, 1),
(25, 7, 2),
(26, 7, 3),
(27, 7, 4),
(28, 8, 1),
(29, 8, 2),
(30, 8, 3),
(31, 8, 4),
(32, 9, 1),
(33, 9, 2),
(34, 9, 4),
(35, 10, 1),
(36, 10, 3),
(37, 10, 4),
(38, 11, 1),
(39, 11, 2),
(40, 11, 4),
(41, 12, 1),
(42, 12, 2),
(43, 12, 4),
(44, 13, 1),
(45, 13, 2),
(46, 13, 4),
(47, 14, 1),
(48, 14, 2),
(49, 14, 4),
(50, 15, 1),
(51, 16, 1),
(52, 16, 2),
(53, 16, 4),
(54, 17, 1),
(55, 17, 2),
(56, 17, 3),
(57, 17, 4),
(58, 18, 1),
(59, 18, 2),
(60, 18, 4),
(61, 19, 1),
(62, 19, 4),
(63, 20, 1),
(64, 20, 2),
(65, 20, 3),
(66, 20, 4),
(67, 21, 1),
(68, 21, 2),
(69, 21, 3),
(70, 21, 4),
(71, 22, 1),
(72, 22, 4),
(73, 23, 1),
(74, 23, 4),
(75, 24, 1),
(76, 25, 1),
(77, 25, 2),
(78, 25, 3),
(79, 25, 4),
(80, 26, 1),
(81, 26, 2),
(82, 26, 4),
(83, 27, 1),
(84, 27, 2),
(85, 27, 3),
(86, 27, 4),
(87, 28, 1),
(88, 28, 2),
(89, 28, 3),
(90, 28, 4),
(91, 29, 1),
(92, 29, 2),
(93, 29, 3),
(94, 29, 4),
(95, 30, 1),
(96, 30, 2),
(97, 30, 3),
(98, 30, 4),
(99, 31, 1),
(100, 31, 2),
(101, 31, 4),
(102, 32, 1),
(103, 32, 2),
(104, 32, 3),
(105, 32, 4),
(106, 33, 1),
(107, 33, 2),
(108, 33, 3),
(109, 33, 4),
(110, 34, 1),
(111, 34, 2),
(112, 34, 3),
(113, 34, 4),
(114, 35, 1),
(115, 35, 2),
(116, 35, 3),
(117, 35, 4),
(118, 36, 1),
(119, 36, 2),
(120, 36, 3),
(121, 36, 4),
(122, 37, 1),
(123, 37, 2),
(124, 37, 3),
(125, 37, 4),
(126, 38, 1),
(127, 38, 2),
(128, 38, 3),
(129, 38, 4),
(130, 39, 1),
(131, 39, 2),
(132, 39, 3),
(133, 39, 4),
(134, 40, 1),
(135, 40, 2),
(136, 41, 1),
(137, 41, 3),
(138, 41, 4),
(139, 42, 1),
(140, 42, 3),
(141, 42, 4),
(142, 43, 1),
(143, 43, 4),
(144, 44, 1),
(145, 44, 4),
(146, 45, 3),
(147, 46, 3),
(148, 47, 3),
(149, 48, 3),
(150, 49, 3),
(151, 50, 1),
(152, 50, 2),
(153, 50, 3),
(154, 50, 4),
(155, 51, 1),
(156, 51, 2),
(157, 51, 3),
(158, 51, 4),
(159, 52, 1),
(160, 52, 2),
(161, 52, 3),
(162, 52, 4),
(163, 53, 1),
(164, 53, 2),
(165, 53, 3),
(166, 53, 4),
(167, 54, 1),
(168, 54, 2),
(169, 54, 3),
(170, 54, 4),
(171, 55, 1),
(172, 55, 2),
(173, 55, 3),
(174, 55, 4),
(175, 56, 1),
(176, 56, 4),
(177, 57, 1),
(178, 57, 2),
(179, 57, 3),
(180, 57, 4),
(181, 58, 1),
(182, 58, 2),
(183, 58, 3),
(184, 58, 4),
(185, 59, 1),
(186, 59, 2),
(187, 59, 3),
(188, 59, 4),
(189, 60, 1),
(190, 60, 2),
(191, 60, 3),
(192, 60, 4),
(193, 61, 1),
(194, 61, 2),
(195, 61, 3),
(196, 61, 4),
(197, 62, 1),
(198, 62, 2),
(199, 62, 3),
(200, 62, 4),
(201, 63, 1),
(202, 63, 2),
(203, 63, 3),
(204, 63, 4),
(205, 64, 1),
(206, 64, 2),
(207, 64, 3),
(208, 64, 4),
(209, 65, 1),
(210, 65, 2),
(211, 65, 3),
(212, 65, 4),
(213, 66, 1),
(214, 66, 2),
(215, 66, 3),
(216, 66, 4),
(217, 67, 1),
(218, 67, 2),
(219, 67, 3),
(220, 67, 4),
(221, 68, 1),
(222, 68, 2),
(223, 68, 3),
(224, 68, 4),
(225, 69, 1),
(226, 69, 2),
(227, 69, 4),
(228, 70, 1),
(229, 70, 2),
(230, 70, 3),
(231, 70, 4),
(232, 71, 1),
(233, 71, 2),
(234, 71, 3),
(235, 71, 4),
(236, 72, 1),
(237, 72, 3),
(238, 72, 4),
(239, 73, 1),
(240, 73, 3),
(241, 73, 4),
(242, 74, 1),
(243, 74, 2),
(244, 74, 3),
(245, 74, 4),
(246, 75, 1),
(247, 75, 2),
(248, 75, 3),
(249, 75, 4),
(250, 76, 1),
(251, 76, 2),
(252, 76, 3),
(253, 76, 4),
(254, 77, 1),
(255, 77, 2),
(256, 77, 3),
(257, 77, 4),
(258, 78, 1),
(259, 78, 2),
(260, 78, 3),
(261, 78, 4),
(262, 79, 1),
(263, 79, 2),
(264, 79, 3),
(265, 79, 4),
(266, 80, 1),
(267, 80, 2),
(268, 80, 3),
(269, 80, 4),
(270, 81, 1),
(271, 81, 2),
(272, 81, 3),
(273, 81, 4),
(274, 82, 1),
(275, 82, 2),
(276, 82, 3),
(277, 82, 4),
(278, 83, 1),
(279, 83, 2),
(280, 83, 3),
(281, 83, 4),
(282, 84, 1),
(283, 84, 2),
(284, 84, 3),
(285, 84, 4),
(286, 85, 1),
(287, 85, 4),
(288, 86, 1),
(289, 86, 2),
(290, 86, 4),
(291, 87, 1),
(292, 87, 2),
(293, 87, 4),
(294, 88, 1),
(295, 88, 2),
(296, 88, 4),
(297, 89, 1),
(298, 89, 2),
(299, 89, 3),
(300, 89, 4),
(301, 90, 1),
(302, 90, 2),
(303, 90, 4),
(304, 91, 1),
(305, 91, 2),
(306, 91, 3),
(307, 91, 4),
(308, 92, 1),
(309, 92, 2),
(310, 92, 3),
(311, 92, 4),
(312, 93, 1),
(313, 93, 2),
(314, 93, 4),
(315, 94, 1),
(316, 94, 2),
(317, 94, 3),
(318, 94, 4),
(319, 95, 1),
(320, 95, 2),
(321, 95, 3),
(322, 95, 4),
(323, 96, 1),
(324, 96, 2),
(325, 96, 4),
(326, 97, 1),
(327, 97, 2),
(328, 97, 3),
(329, 97, 4),
(330, 98, 1),
(331, 98, 2),
(332, 98, 4),
(333, 99, 1),
(334, 99, 2),
(335, 99, 4),
(336, 100, 1),
(337, 100, 2),
(338, 100, 3),
(339, 100, 4),
(340, 101, 1),
(341, 101, 2),
(342, 101, 3),
(343, 101, 4),
(344, 102, 1),
(345, 102, 2),
(346, 102, 4),
(347, 103, 1),
(348, 103, 2),
(349, 103, 3),
(350, 103, 4),
(351, 104, 1),
(352, 104, 2),
(353, 104, 4),
(354, 105, 1),
(355, 105, 2),
(356, 105, 3),
(357, 105, 4),
(358, 106, 1),
(359, 106, 2),
(360, 106, 4),
(361, 107, 1),
(362, 107, 2),
(363, 107, 3),
(364, 107, 4),
(365, 108, 1),
(366, 108, 2),
(367, 108, 4),
(368, 109, 1),
(369, 109, 2),
(370, 109, 4),
(371, 110, 1),
(372, 110, 2),
(373, 110, 4),
(374, 111, 1),
(375, 111, 2),
(376, 111, 4),
(377, 112, 1),
(378, 112, 2),
(379, 112, 4),
(380, 113, 1),
(381, 113, 2),
(382, 113, 4),
(383, 114, 1),
(384, 114, 2),
(385, 114, 3),
(386, 114, 4),
(387, 115, 1),
(388, 115, 2),
(389, 115, 3),
(390, 115, 4),
(391, 116, 1),
(392, 116, 2),
(393, 116, 4),
(394, 117, 1),
(395, 117, 2),
(396, 117, 4),
(397, 118, 1),
(398, 118, 2),
(399, 118, 4),
(400, 119, 1),
(401, 119, 2),
(402, 119, 3),
(403, 119, 4),
(404, 120, 1),
(405, 120, 2),
(406, 120, 3),
(407, 120, 4),
(408, 121, 1),
(409, 121, 2),
(410, 121, 4),
(411, 122, 1),
(412, 122, 2),
(413, 122, 3),
(414, 122, 4),
(415, 123, 3),
(416, 124, 1),
(417, 124, 2),
(418, 124, 3),
(419, 124, 4),
(420, 125, 1),
(421, 125, 2),
(422, 125, 4),
(423, 126, 1),
(424, 126, 2),
(425, 126, 4),
(426, 127, 1),
(427, 127, 4),
(428, 128, 1),
(429, 128, 4),
(430, 129, 1),
(431, 129, 4),
(432, 130, 1),
(433, 130, 4),
(434, 131, 1),
(435, 131, 4),
(436, 132, 1),
(437, 132, 4),
(438, 133, 1),
(439, 133, 4),
(440, 134, 1),
(441, 134, 4),
(442, 135, 1),
(443, 135, 2),
(444, 135, 4),
(445, 136, 1),
(446, 136, 2),
(447, 136, 4),
(448, 137, 1),
(449, 137, 2),
(450, 137, 4),
(451, 138, 1),
(452, 138, 2),
(453, 138, 4),
(454, 139, 1),
(455, 139, 2),
(456, 139, 4),
(457, 140, 1),
(458, 140, 2),
(459, 140, 4),
(460, 141, 1),
(461, 141, 2),
(462, 141, 4),
(463, 142, 1),
(464, 142, 2),
(465, 142, 4),
(466, 143, 1),
(467, 143, 2),
(468, 143, 4),
(469, 144, 1),
(470, 144, 2),
(471, 144, 4),
(472, 145, 1),
(473, 145, 2),
(474, 145, 4),
(475, 146, 1),
(476, 146, 2),
(477, 146, 4),
(478, 147, 1),
(479, 147, 2),
(480, 147, 4),
(481, 148, 1),
(482, 148, 2),
(483, 148, 4),
(484, 149, 1),
(485, 149, 2),
(486, 149, 4),
(487, 150, 1),
(488, 150, 2),
(489, 150, 4),
(490, 151, 1),
(491, 151, 2),
(492, 151, 3),
(493, 151, 4),
(494, 152, 3),
(495, 153, 3),
(496, 154, 3),
(497, 155, 3),
(498, 156, 3),
(499, 157, 3),
(500, 158, 3),
(501, 159, 3),
(502, 160, 3),
(503, 161, 3),
(504, 162, 3),
(505, 163, 3),
(506, 164, 3),
(507, 165, 3),
(508, 166, 3),
(509, 167, 4),
(510, 168, 4),
(511, 169, 1),
(512, 169, 2),
(513, 169, 4),
(514, 170, 1),
(515, 170, 2),
(516, 170, 4),
(517, 171, 1),
(518, 171, 2),
(519, 171, 4),
(520, 172, 1),
(521, 172, 4),
(522, 173, 1),
(523, 174, 1),
(524, 174, 2),
(525, 174, 4),
(526, 175, 1),
(527, 175, 2),
(528, 175, 4),
(529, 176, 1),
(530, 176, 2),
(531, 176, 3),
(532, 176, 4),
(533, 177, 1),
(534, 177, 2),
(535, 177, 3),
(536, 177, 4),
(537, 178, 1),
(538, 178, 2),
(539, 178, 3),
(540, 178, 4),
(541, 179, 1),
(542, 179, 2),
(543, 179, 3),
(544, 179, 4),
(545, 180, 1),
(546, 180, 2),
(547, 180, 4),
(548, 181, 1),
(549, 181, 2),
(550, 181, 4),
(551, 182, 1),
(552, 182, 4),
(553, 183, 1),
(554, 183, 2),
(555, 183, 3),
(556, 183, 4),
(557, 184, 1),
(558, 184, 2),
(559, 184, 4),
(560, 185, 1),
(561, 185, 2),
(562, 185, 3),
(563, 185, 4),
(564, 186, 4),
(565, 187, 4),
(566, 188, 1),
(567, 188, 2),
(568, 188, 3),
(569, 188, 4),
(570, 189, 1),
(571, 189, 2),
(572, 189, 3),
(573, 189, 4),
(574, 190, 1),
(575, 190, 2),
(576, 190, 3),
(577, 190, 4),
(578, 191, 1),
(579, 191, 2),
(580, 191, 3),
(581, 191, 4),
(582, 192, 1),
(583, 192, 2),
(584, 192, 4),
(585, 193, 1),
(586, 193, 2),
(587, 193, 4),
(588, 194, 1),
(589, 194, 2),
(590, 194, 3),
(591, 194, 4),
(592, 195, 1),
(593, 195, 2),
(594, 195, 3),
(595, 195, 4),
(596, 196, 1),
(597, 196, 2),
(598, 196, 4),
(599, 197, 1),
(600, 197, 2),
(601, 197, 4),
(602, 198, 1),
(603, 198, 2),
(604, 198, 4),
(605, 199, 1),
(606, 199, 2),
(607, 199, 4),
(608, 200, 1),
(609, 200, 2),
(610, 200, 3),
(611, 200, 4),
(612, 201, 1),
(613, 201, 2),
(614, 201, 3),
(615, 201, 4),
(616, 202, 1),
(617, 202, 2),
(618, 202, 4),
(619, 203, 1),
(620, 203, 2),
(621, 203, 4),
(622, 204, 1),
(623, 204, 4),
(624, 205, 1),
(625, 205, 4),
(626, 206, 1),
(627, 206, 4),
(628, 207, 1),
(629, 207, 4),
(630, 208, 1),
(631, 208, 2),
(632, 208, 3),
(633, 208, 4),
(634, 209, 1),
(635, 209, 4),
(636, 210, 1),
(637, 210, 4),
(638, 211, 1),
(639, 211, 3),
(640, 211, 4),
(641, 212, 1),
(642, 212, 3),
(643, 212, 4),
(644, 213, 3),
(645, 302, 3),
(646, 214, 1),
(647, 214, 2),
(648, 214, 3),
(649, 214, 4),
(650, 215, 1),
(651, 215, 2),
(652, 215, 4),
(653, 216, 1),
(654, 216, 2),
(655, 216, 4),
(656, 217, 1),
(657, 217, 2),
(658, 217, 4),
(659, 218, 1),
(660, 218, 4),
(661, 219, 1),
(662, 219, 2),
(663, 219, 3),
(664, 219, 4),
(665, 220, 1),
(666, 220, 2),
(667, 220, 3),
(668, 220, 4),
(669, 221, 1),
(670, 221, 2),
(671, 221, 3),
(672, 221, 4),
(673, 222, 1),
(674, 222, 2),
(675, 222, 4),
(676, 223, 1),
(677, 223, 2),
(678, 223, 3),
(679, 223, 4),
(680, 224, 1),
(681, 224, 4),
(682, 225, 1),
(683, 225, 2),
(684, 225, 4),
(685, 226, 1),
(686, 226, 2),
(687, 226, 4),
(688, 227, 1),
(689, 227, 2),
(690, 227, 3),
(691, 227, 4),
(692, 228, 1),
(693, 228, 2),
(694, 228, 4),
(695, 229, 1),
(696, 229, 2),
(697, 229, 4),
(698, 230, 1),
(699, 230, 4),
(700, 231, 1),
(701, 231, 4),
(702, 232, 1),
(703, 232, 2),
(704, 232, 4),
(705, 233, 1),
(706, 233, 2),
(707, 233, 3),
(708, 233, 4),
(709, 234, 1),
(710, 234, 3),
(711, 234, 4),
(712, 235, 1),
(713, 235, 4),
(714, 236, 1),
(715, 236, 4),
(716, 237, 3),
(717, 238, 3),
(718, 239, 3),
(719, 240, 1),
(720, 240, 4),
(721, 241, 1),
(722, 241, 2),
(723, 241, 4),
(724, 242, 1),
(725, 242, 2),
(726, 242, 3),
(727, 242, 4),
(728, 243, 1),
(729, 243, 3),
(730, 243, 4),
(731, 244, 1),
(732, 244, 3),
(733, 244, 4),
(734, 245, 1),
(735, 245, 2),
(736, 245, 3),
(737, 245, 4),
(738, 246, 1),
(739, 246, 4),
(740, 247, 1),
(741, 247, 2),
(742, 247, 4),
(743, 248, 3),
(744, 249, 3),
(745, 250, 3),
(746, 251, 3),
(747, 252, 3),
(748, 253, 3),
(749, 254, 3),
(750, 255, 3),
(751, 256, 3),
(752, 257, 3),
(753, 258, 3),
(754, 259, 3),
(755, 260, 3),
(756, 261, 3),
(757, 262, 3),
(758, 263, 3),
(759, 264, 1),
(760, 264, 2),
(761, 264, 4),
(762, 265, 3),
(763, 266, 3),
(764, 267, 3),
(765, 268, 3),
(766, 269, 3),
(767, 270, 3),
(768, 271, 3),
(769, 272, 3),
(770, 273, 3),
(771, 274, 3),
(772, 275, 3),
(773, 276, 1),
(774, 276, 2),
(775, 276, 4),
(776, 277, 1),
(777, 277, 2),
(778, 277, 4),
(779, 278, 1),
(780, 278, 2),
(781, 278, 4),
(782, 279, 1),
(783, 279, 2),
(784, 279, 4),
(785, 280, 1),
(786, 280, 2),
(787, 281, 1),
(788, 281, 4),
(789, 282, 3),
(790, 283, 3),
(791, 284, 3),
(792, 285, 3),
(793, 286, 3),
(794, 287, 3),
(795, 288, 3),
(796, 289, 1),
(797, 289, 2),
(798, 289, 4),
(799, 290, 1),
(800, 290, 2),
(801, 290, 4),
(802, 291, 1),
(803, 291, 2),
(804, 291, 4),
(805, 292, 1),
(806, 292, 2),
(807, 292, 4),
(808, 293, 1),
(809, 293, 2),
(810, 293, 4),
(811, 294, 1),
(812, 294, 4),
(813, 295, 1),
(814, 295, 4),
(815, 296, 1),
(816, 296, 4),
(817, 297, 1),
(818, 297, 4),
(819, 298, 1),
(820, 298, 4),
(821, 299, 1),
(822, 299, 4),
(823, 300, 1),
(824, 300, 4),
(825, 301, 1),
(826, 301, 4);

-- --------------------------------------------------------

--
-- Table structure for table `form_questions`
--

CREATE TABLE `form_questions` (
  `id` int(11) NOT NULL,
  `questions` varchar(516) DEFAULT NULL,
  `is_active` tinyint(1) NOT NULL
) ENGINE=InnoDB DEFAULT CHARSET=utf8mb4;

--
-- Dumping data for table `form_questions`
--

INSERT INTO `form_questions` (`id`, `questions`, `is_active`) VALUES
(1, 'TATERS signage is not dusty', 1),
(2, 'TATERS signage is in good condition (evenly lighted, no signs of crack/damage)', 1),
(3, 'Menu Board/Mat Board is clean (free from dust, no smudges, no dirt)', 1),
(4, 'LED TV Menu is clean (free from dust, no smudges)', 1),
(5, 'LED poster box, wall arts, promo TV are clean', 1),
(6, 'All cleaning agents, supplies, & materials are complete based on checklist', 1),
(7, 'All cleaning supplies & materials are in good condition (no cracks, no any signs of damage)', 1),
(8, 'All cleaning agents are mixed based on standard proportions', 1),
(9, 'All counters/sneeze guard are clean (including underneath before operations & after cleaning)', 1),
(10, 'All counter laminates are not peeling off', 1),
(11, 'Wall tiles are clean & in good condition (e.g. not loosed, no cracks)', 1),
(12, 'Wall\'s paints are not faded & peeling off (front store)', 1),
(13, 'Grease trap is clean & monitoring form is updated, & signed by TC daily', 1),
(14, 'All Drains (floor, slop, & sink) are not clogged & with strainer (at all times)', 1),
(15, 'Mop/Slop Sink is clean & has no residue ', 1),
(16, 'Ceilings (upper portion) are clean & free from dust', 1),
(17, 'All lights (Front, Back) are clean & free from dust', 1),
(18, 'All lights (Front, Back) are in good condition', 1),
(19, 'POS/Computer should be clean (dust free, no visible adhesive marks, & no smudges)', 1),
(20, 'Housekeeping Schedule is available, updated & being followed', 1),
(21, 'All Points of Purchase (P.O.P.) are clean & presentable', 1),
(22, 'Standard table bussing procedures are being followed (w/ complete materials) - min. of 5 checkings', 1),
(23, 'All tables & chairs in the dining area are clean (rating starts 2 minutes after guest left the table) - including overall cleanliness of chairs & tables', 1),
(24, 'All tables & chairs in the dining area are in good condition (not wobbly/moving) ', 1),
(25, 'Floors in the dining area are free from stain & spillages (one time checking only)', 1),
(26, 'All faucets are in good condition (slop & back sink - e.g., no leak, no loose/broken handles)', 1),
(27, 'Garbage is properly segregated', 1),
(28, 'Only \"approved cleaners & chemicals\" are in the outlet', 1),
(29, 'All cabinets are clean (no dirt, no adhesive marks - inside & outside surfaces)', 1),
(30, 'All shelves are clean', 1),
(31, 'Water filter units are clean & housing has no leak', 1),
(32, 'Sanitizer (Antibac A) is available in a clean container', 1),
(33, 'Wares & utensils are clean', 1),
(34, 'Storage containers are clean ', 1),
(35, 'All cleaning agents are labeled with content use ', 1),
(36, 'All cleaning equipment/materials & chemicals are properly stored', 1),
(37, 'No evidence of insect, rodent or other pest infestation (all areas, including Dining Area & Stockroom)', 1),
(38, 'Pest Control Monitoring Form is available & updated (monitoring is documented)', 1),
(39, 'Able to conduct internal audit in Environment Category (show filled up form) - previous/current month', 1),
(40, 'Designated break areas & locker rooms are maintained in a clean & orderly manner', 1),
(41, 'New patches in the PW4CS talker is being followed?', 1),
(42, 'Standard product display label is being followed?', 1),
(43, 'Floors are free from litter, spillage, stains and puddles at stockroom', 1),
(44, 'All items on shelves / pallets match their respective labels ', 1),
(45, 'Is menu light box located above the menu TV?', 1),
(46, 'Are displays of bottled water, pre-packed popcorn, tofu chips, tortilla are located based on standard location?', 1),
(47, 'There are snacks display on the snack tray provided in the PW4CS divider?', 1),
(48, 'Counter facing the \"T\" signage is free from anything. This should be vacant space as specified on the standard visual.', 1),
(49, 'Glass partition surfaces & edges are clean ( free from dust & dirt)', 1),
(50, 'Greetings are made with direct eye contact (minimum of 5 checkings)', 1),
(51, 'Crew can correctly answer questions about menu items, food preparation & serving sizes', 1),
(52, 'Children are acknowledged/greeted & treated with respect', 1),
(53, 'Servers & order takers are attentive (minimum of 5 checkings)', 1),
(54, 'Servers & order takers offer a promotional item/suggest something from the menu (min. of 5 checkings)', 1),
(55, 'Confirmation of orders has been observed (minimum of 5 checkings)', 1),
(56, 'In case more than 3 customers in line, open another POS or someone take order to fasten the service', 1),
(57, 'Correct change is given to customer', 1),
(58, 'Direct customer to claim/waiting area', 1),
(59, 'Crew repeats order back when served (minimum of 5 checkings)', 1),
(60, 'Transactions end with a smile & thank you (minimum of 5 checkings)', 1),
(61, 'Should ask for repeat business upon completion of transaction (minimum of 5 checkings)', 1),
(62, 'Customers are treated with \"Respect\"', 1),
(63, 'Crew exhibit no rude behavior, no horseplay, & no vulgar languages', 1),
(64, 'Taters caps & jersey shouldn\'t be worn when not on duty (including Trainees)', 1),
(65, 'All team members (including TC/TL) wear complete & prescribed uniform (including Trainees)', 1),
(66, 'Customer receive complete order (minimum of 5 checkings)', 1),
(67, 'Customer receive accurate order (minimum of 5 checkings)', 1),
(68, 'Customer receive order within prescribe time (minimum of 5 checkings)', 1),
(69, 'Dispatcher greet the customer on his/her name during dispatch (minimum of 5 checkings)', 1),
(70, 'Ready to eat snack (Popcorn) are available at counter area as grab and go. Minimum of 4 pcs each (family & party)', 1),
(71, 'Pre-pack flavorings are available at counter area as grab and go. Minimum of 4 pcs', 1),
(72, 'Passers-by are being called ( maximum 2 meters away from kiosk) minimum 5 checking', 1),
(73, 'Free tasting of popcorn is being done ( using cup liner or tray) with the customer', 1),
(74, 'Alcohol or alcohol-based sanitizer should also available for customer use at all times', 1),
(75, 'Team member observes washing hands before handling food and utensils and after using toilets or touching face or nose, chemicals & raw foods', 1),
(76, 'Food handlers w/ cuts or sores on hand wear approved bandages & gloves also if touching food', 1),
(77, 'Hair does not fall below ear or not appearing in the holes of the cap for male, hairnet for female', 1),
(78, 'Store Manager, TL, & TC\'s should wear hairnet if preparing food', 1),
(79, 'There is no white extended on fingernail tip (trimmed), cleaned & unpolished (including Trainees)', 1),
(80, 'Uniforms of team members are clean & in good condition (including Trainees)', 1),
(81, 'All team members wear no jewelry, simple wrist watch for TC only (including Trainees)', 1),
(82, 'No face mask, no entry is implemented in the store', 1),
(83, 'All staff wear facemask properly at all times (covering nose and mouth)', 1),
(84, 'Did cashier and/or team member sanitize his/her hands after holding money? (min of 5 checking)', 1),
(85, 'Water filter change as per prescribed due dates', 1),
(86, 'Nothing other than ice is stored in the ice bin/ice chest', 1),
(87, 'Lettuce and tomato sanitize based on standard sanitizing procedure and sanitizing agent (Sanitizer B)', 1),
(88, 'White safeguard soap is used for handwashing ', 1),
(89, 'All wares & utensils being used are in good condition (no crack/damage)', 1),
(90, 'Approved ice scooper is use, clean and in good condition, & stored in a sanitary manner', 1),
(91, 'WASH RINSE SANITIZE is being observed', 1),
(92, 'Wares & utensils are stored in sanitary manner (personal wares/utensils are separated)', 1),
(93, 'No stapler seen in all Store work areas (including Stockroom)', 1),
(94, 'Check/sample individual packages within the case', 1),
(95, 'Product is not accepted if it is not in good condition (w/ Taters Delivery Adjustment)', 1),
(96, 'All refrigerated & frozen products are stored immediately', 1),
(97, 'Stock (stock center) is rotated so oldest is used first (FIFO)', 1),
(98, 'Stock (selling area) is rotated so oldest is used first (FIFO)', 1),
(99, 'Food that is out of shelflife or spoiled is discarded immediately or sealed, labeled/dated to prevent use', 1),
(100, 'All stocks are elevated or \"nothing on the floor\"', 1),
(101, 'All goods are stored on their respective storage conditions (dry/room, frozen, refrigerated)', 1),
(102, 'Freezer temperature is -23°C to -15°C & being monitored in temperature monitoring form', 1),
(103, 'All food is covered or in sealed containers', 1),
(104, 'Refrigerator temperature is 0 - 5°C and being monitored in temperature monitoring form', 1),
(105, 'All opened packed products have monitoring of its shelflife (includes wrong shelflife)', 1),
(106, 'Personal food items should not mix or store inside the Ref or Freezer', 1),
(107, 'All food iitems indicate their respective delivery or purchase date/s', 1),
(108, 'Prevent potentially hazardous food from spending more than 4 hours in the temperature danger zone', 1),
(109, 'Remove from the refrigerator only as much as you can prepare at one time', 1),
(110, 'Thaw food in a refrigerator at 0° to 5°C on lower shelf to prevent dripping (including following to standard thawing procedures)', 1),
(111, 'Follow the rule of not refreezing thawed food ', 1),
(112, 'Assign specific utensils to potentially hazardous food (for raw & cooked)', 1),
(113, 'Taste food by ladling into a disposable container & throw it afterwards', 1),
(114, 'Use proper holding equipment that can maintain required temperatures', 1),
(115, 'Never mix new food with old food', 1),
(116, 'Reheat leftover food (for sauces & ground beef only) and discard if not consumed within 2 hours', 1),
(117, 'Holding time of all food items are regularly monitored', 1),
(118, 'Sauces/toppings discarded if beyond holding time', 1),
(119, 'Avoid hands from touching food-contact surfaces of packaging. Use gloves when cooking popcorn and scooping popcorn into packaging', 1),
(120, 'Able to conduct internal audit in Safety category (show filled up form) - previous/current month', 1),
(121, 'Bottled drinks (iced tea and sf lemonade) with expiration date attched on it\'s bottle?', 1),
(122, 'All pre-packed items (frozen & ready to eat) with attached expiration date?', 1),
(123, 'Use food tong or clean gloves when putting silica gel inside the packaging', 1),
(124, 'Standard flavoring  proportion of popcorn is being followed', 1),
(125, 'Halfway procedures in flavoring popcorn is being done', 1),
(126, 'Mixing procedure & proportion of all drinks is being observed', 1),
(127, 'Ultimate snacks ingredients are served with standard proportion - Cornachos', 1),
(128, 'Ultimate snacks ingredients are served with standard proportion - Housefryes', 1),
(129, 'Ultimate snacks ingredients are served with standard proportion - Tater chips', 1),
(130, 'Ultimate snacks ingredients are served with standard proportion - Sandwiches', 1),
(131, 'Standard sequence of ingredients in ultimate products are being followed - Cornachos', 1),
(132, 'Standard sequence of ingredients in ultimate products are being followed - Housefryes', 1),
(133, 'Standard sequence of ingredients in ultimate products are being followed - Taters chips', 1),
(134, 'Standard sequence of ingredients in ultimate products are being followed - Sandwiches', 1),
(135, 'Mixed dip according to standard mixing proportion', 1),
(136, 'Sandwich condiments & ingredients are served with standard proportion', 1),
(137, 'Standard flavoring  proportion of fried products is being observed', 1),
(138, 'Pre packs fryes nachos, tortilla chips, tofu chips are proportion in size (±2.00g only is acceptable)', 1),
(139, 'Dips & toppings are served with standard serving proportion', 1),
(140, 'Patties/Hotdogs are not frozen when grilled', 1),
(141, 'Patties/Hotdogs are grilled based on standard cooking time & temperature', 1),
(142, 'Lettuce for sandwich are fresh & properly drained (not wilted, no dark spots)', 1),
(143, 'Tomato for sandwich are fresh (no seeds, 1 seed = 0 pt, no dark spots)', 1),
(144, 'Fried product are cooked according to proper cooking time & temperature', 1),
(145, 'Fried products under warmers does not exceed maximum holding time', 1),
(146, 'Fried products are drained under infra (minimum of 1 minute) before serving', 1),
(147, 'Fryer oil is in good condition (not foamy, no excessive smoke, not dark)', 1),
(148, 'Fried product have no signs of thawing', 1),
(149, 'Small bits/crushed chips, fryes, cornachos and tortillas are not being served', 1),
(150, 'Stirring sauces & wiping off pan\'s covers consistently done every 30 minutes', 1),
(151, 'Finish product is clean & presentable ', 1),
(152, 'Use tray when wiping the kettle rim after each popping batches', 1),
(153, 'Standard preparation & proportion of betaoil is being followed', 1),
(154, 'Holding time of popcorn inside the Popcorn machine is being monitored', 1),
(155, 'Use designated scooper per flavor.', 1),
(156, 'Check and read temperature every 2 hours using the oven thermometer', 1),
(157, 'Fill each compartment with flavored popcorn (max. capacity per compartment is 1.2kg for PW4CS & 0.750 for Vertical)', 1),
(158, 'Turn on thermostat. Pre-heat for 5 mins. Before filling popcorn', 1),
(159, 'Actual temp. should range 70° to 90°C', 1),
(160, 'Follow maximum weight of natural & glaze popcorn when flavoring popcorn', 1),
(161, 'Mix Popcorn by scooper to strain unpopped kernels into pan  every batch', 1),
(162, 'Tossing procedure of popcorn inside the warmer every 30 minutes is being followed', 1),
(163, 'Halfway procedures when flavoring popcorn is being followed', 1),
(164, 'Standard Shaking procedure when flavoring popcorn is being followed', 1),
(165, 'Standard cooking proportion of natural popcorn is being followed', 1),
(166, 'Standard cooking proportion of glaze popcorn is being followed', 1),
(167, 'Standard procedures on dispensing alcoholic drinks from bottle to cup is being followed?', 1),
(168, 'Standard ice is being followed for the alcoholic drinks?', 1),
(169, 'a.) Popcorn Machine', 1),
(170, 'b.) Popcorn warmer - PW4CS or Vertical Warmer', 1),
(171, 'd.) Sauce Warmer (Water Level Checking only)', 1),
(172, 'e.) Juice Dispenser', 1),
(173, 'f.) Post-Mix Dispenser', 1),
(174, 'g.) Griddle (Portable/Round or Parallel Coil)', 1),
(175, 'h.) Fryer (Ventless//Berjaya)', 1),
(176, 'Able to conduct internal audit in Quality category (show filled up form) - previous/current month', 1),
(177, 'Holding of pre-bagged popcorn is being followed (warmed: 7 hours, unwarmed: 2& 1/2 hours)', 1),
(178, 'Leftover popcorn from previous night are within acceptable (total of 1.050kg for Stores w/ 1 PW4CS/Vertical Warmer & total of 2.800kg for Stores w/ 2 PW4CS)', 1),
(179, 'Leftover popcorn are stored in double bagging', 1),
(180, 'Popcorn inside Popcorn Machine shouldn\'t exceed more than 4 hours (monitoring/label is available)', 1),
(181, 'Snack shop products follow standard weight & proportion', 1),
(182, 'Pre-packed popcorn are warmed 30 minutes before packing', 1),
(183, 'All pre-packed popcorn with silica gel', 1),
(184, 'Standard preparation of bottle drinks is being done?', 1),
(185, 'Standard labelling procedures of popcorn is being followed?', 1),
(186, 'Standard mixing proportion of coffee is being followed ( iced & hot)?', 1),
(187, 'Standard preparation and procedures in hot & cold cofee is being followed?', 1),
(188, 'All items on menu board are available for purchase', 1),
(189, 'All consumable items are available', 1),
(190, 'All items are physically counted & recorded in DRUF', 1),
(191, 'All items are accurately weigh & counted (actual counting is required)', 1),
(192, 'Stock requisition accomplished by Cashier, verified by TC, & released by Stock Clerk', 1),
(193, 'Cashier checks and verifies stocks released by Stock Clerk if correct, complete & in good condition', 1),
(194, 'Production Guide of Popcorn, sandwiches, juices, tortilla, nachos & dip and toppings are updated (at least updated from the last 5 months)', 1),
(195, 'Production Guide of Popcorn, sandwiches, juices, tortilla, nachos & dip and toppings are being used (w/ actual filled up form - Plan vs. Actual)', 1),
(196, 'Daily Requisition Guide is  available & being used', 1),
(197, 'Stock Projection Guide is available & being used', 1),
(198, 'All stocks released from stock center are being recorded accurately in both SCF & DRUF', 1),
(199, 'Cashier and stock clerk reconcile with regards to their requisition', 1),
(200, 'Stock Control Forms are updated & monitored', 1),
(201, 'All stock clerk files are complete, & organized/properly filed', 1),
(202, 'Supplier\'s Delivery Logsheet completely filled up & updated', 1),
(203, 'Only Stock Clerk & TCs are authorized to release stocks from stockroom', 1),
(204, 'All stock transactions is being encoded in IMS & updated (including Pending Status)', 1),
(205, 'All DRs\' and/or Invoices scanned/fax copies are sent within 24 hours (to Finance)', 1),
(206, 'All Original copies of DRs\' and/or Invoices are forwarded to Head Office within a week (including Provincial Stores)', 1),
(207, 'Data encoded in IMS counts vs. physical count in DRUF is accurate', 1),
(208, 'Equipment Service Report file is available & updated (soft copy or hard copy file)', 1),
(209, 'All snack shop transaction is being encoded in the Webpos under adjustment', 1),
(210, 'Items in stockroom are tally with the system based on Stock Status (minimum of 5 items to be checked)', 1),
(211, 'Count sheets of stocks ( EOM) inventory is being submitted to Finance on time? 3rd of the following month. Check previous month', 1),
(212, 'EOM inventory of equipment and utensils is being submitted to Finance on time? 3rd of the following month', 1),
(213, 'Daily usage is being computed manually in the provided form', 1),
(214, 'All cash funds issued are tally', 1),
(215, 'All cash inside the vault w/ complete documentation (only cash, gift certificate & phone are allowed)', 1),
(216, 'Vault Key should be under the custody of either the TM, TL or Head TC, a signed & approved endorsement is a must if being endorsed', 1),
(217, 'Cash drawer & coin fund key are being handled by TC during operation', 1),
(218, 'Cash drawer should be opened using \"OPEN DRAWER FUNCTION\"', 1),
(219, 'Beginning fund & change fund are counted, verified, & documented in cash notebook per shift', 1),
(220, 'Issued Petty Cash should be documented with acknowledgement signature (Received by)', 1),
(221, 'Petty Cash Fund should be replenished in case half of it is used (if no replenishment = 2 pts.)', 1),
(222, 'TC issues beginning fund to Cashiers', 1),
(223, 'Beginning fund verified by the Cashier', 1),
(224, 'Cashier is using his/her own code (including Trainees). Cashier Trainee code is not allowed.', 1),
(225, 'TC is not allowed to do cashiering', 1),
(226, 'Change Fund verified by TC before endorsing to next shift', 1),
(227, 'Cash Notebook with daily record of sales deposited w/ sign of TC, Cashier, & Manager, date deposited, reference #, & validated deposited amount', 1),
(228, 'TC verified beginning fund, sales & cash fund w/ witness', 1),
(229, 'Cashier\'s drop the sales at vault witness by TC & log in Deposit Notebook w/ sign', 1),
(230, 'TC generates POS reading', 1),
(231, 'TC perform EOD reports', 1),
(232, 'Cashier attached all supporting docs to Cashier\'s Report', 1),
(233, 'Sales is being deposited as per schedule', 1),
(234, 'Borrowed sales are approved by Finance Dept. (show approved documentation/e-mail, if none = n/a)', 1),
(235, 'Cashiering Variance Overage for the past 2 weeks is within acceptable % variance over sales of 0.05%', 1),
(236, 'Cashiering Variance Shortage for the past 2 weeks is within acceptable % variance over sales of -0.05%', 1),
(237, 'Cashier verified beginning fund, sales and cash fund w/ witness', 1),
(238, 'Cashier\'s drop the sales at vault witness by TC and log in deposit notebook w/ sign', 1),
(239, 'Cart is using sales invoice per transaction', 1),
(240, 'Satelite operations product monitoring form is udpated and being used', 1),
(241, 'Store google sheet in E commerce viber group is complete and updated', 1),
(242, 'BIR Journal is available & updated (Cash Register/Subsidiary Sales Journal)', 1),
(243, 'Used Sales Invoices should be submitted to Finance weekly (per Pad) - for TEI and TEI Managed Stores only', 1),
(244, 'Completeness of details on Sales Invoices are being followed', 1),
(245, 'Submission of SVR (soft copy) to Finance is being done? 1-7 on the 8th, 1-14 on the 15th, 1-21 on the 21st & 1-28 on the 29th & 1-30/31 on or before 3rd of the following month', 1),
(246, 'Bank Deposit Slips are being updated on Webpos (for TEI and TEI Managed Stores only)', 1),
(247, 'a.) Popcorn Machine', 1),
(248, 'Plug kettle well and securely ', 1),
(249, 'Turn ON motor when oil and kernel are inside', 1),
(250, 'Turn OFF motor as popping stops', 1),
(251, 'Check if popping is done in 2-3 (3-4 = 16oz) mins', 1),
(252, 'Follow maximum batches and rest for minimum of 30 minutes before popping a new batch', 1),
(253, 'Follow minimum batches when popping popcorn', 1),
(254, 'Remove the kettle plug from the female socket', 1),
(255, 'Wipe the kettle plug  with paper towel', 1),
(256, 'Wipe the female socket with paper towel', 1),
(257, 'Wipe the kettle conduit with dry or paper towel', 1),
(258, 'Wipe the kettle rim with paper towel.', 1),
(259, 'Wipe off oil drips from the kettle with heat proof brush', 1),
(260, 'Never pour or wet electric parts of kettle', 1),
(261, 'Wait for 30 minutes after you switched OFF before spraying divoplaq', 1),
(262, 'Ensure that the kettle is clean and free from stain', 1),
(263, 'Ensure that body and parts are clean', 1),
(264, 'b.) Popcorn Warmer - PW4CS or Vertical Warmer', 1),
(265, 'Is warmer body and glass clean inside & out? Should be shiny without smudges.', 1),
(266, 'Check the \"louver\" if opened ( this is the window under the heating coil)', 1),
(267, 'Switch ON lights & blower pan. Check if light & pan are working', 1),
(268, 'After 5 minutes, Set thermostat controls to 50°C to preheat.', 1),
(269, 'Attach oven thermometer to divider. Increase thermostat knob to 80C', 1),
(270, 'Switch OFF thermostat knob to 0C 30 mins before last full show', 1),
(271, 'Switch OFF buttons of light & blower pan 1 hour after turning OFF the thermostat knob', 1),
(272, 'Wipe the \"louver\" with brush with dustpan to remove any dirt or flavoring', 1),
(273, 'Unplug machine from socket. Wrap the plug in a plastic bag with a rubber band to avoid it from getting wet', 1),
(274, 'Fire Extinguisher is in good working condition (not expired, tank not rusty, & gauge arrow in center)', 1),
(275, 'Fire Extinguisher is hanged or place off the floor', 1),
(276, 'c.) Sauce Warmer', 1),
(277, 'd.) Juice Dispenser', 1),
(278, 'e.) Griddle (Portable/Round or Parallel Coil)', 1),
(279, 'f.) Fryer (Ventless/Berjaya)', 1),
(280, 'g.) Post-Mix Dispenser', 1),
(281, 'h.) Digital Weighing Scale', 1),
(282, 'Is equipment clean and dry?', 1),
(283, 'It is not positioned near high temp machine/equipment?', 1),
(284, 'Remove platter and clean with a damp rag', 1),
(285, 'Wipe body with a clean rag', 1),
(286, 'Never pour H20 or allow the electrical parts to get wet', 1),
(287, 'Return the platter in place & spray the surface with antibac. Airdry', 1),
(288, 'Store in a clean & dry cabinet without anything on top, and wrapped in a 20x30 plastic bag', 1),
(289, 'i.) Oven Toaster', 1),
(290, 'j.) Infra Warmer', 1),
(291, 'k.) Rangehood / Exhaust Fan', 1),
(292, 'Fire Extinguisher is in good working condition (not expired, tank not rusty, & gauge arrow in center)', 1),
(293, 'Fire Extinguisher is hanged or place off the floor', 1),
(294, 'Store is implementing a cost savings program on controllable expenses (except labor cost & repairs)', 1),
(295, 'Standard quantity of napkin is being followed', 1),
(296, 'Daily usage of water is being monitored & updated', 1),
(297, 'Inventory variance for the past 2 weeks are within acceptable % variance over sales, 2.00% & below for negative & positive variance (all are within acceptable variance = 3 pts, negative variance with 2.01-2.49% = less 1pt, all above acceptable variance = 0 pt)', 1),
(298, 'Store PNL is updated & being used', 1),
(299, 'Average labor cost for the previous month is within acceptable level (12% & below = 3 pts, 12.1% -14% = 2 pts, 14.1% - 15% = 1 pt, 15.1% & above: 0 pt) ', 1),
(300, 'Variances of Store Cost of Sales Theoretical vs Store PNL for the past month is within acceptable level of ±2.00%', 1),
(301, 'Daily monitoring form of actual COGS is updated', 1),
(302, 'Stock projection guide is being used', 1);

-- --------------------------------------------------------

--
-- Table structure for table `form_questions_information`
--

CREATE TABLE `form_questions_information` (
  `id` int(11) NOT NULL,
  `question_id` int(11) NOT NULL,
  `section_id` int(11) NOT NULL,
  `sub_section_id` int(11) DEFAULT NULL,
  `urgency_id` int(11) NOT NULL,
  `equivalent_point` int(11) DEFAULT NULL
) ENGINE=InnoDB DEFAULT CHARSET=utf8mb4;

--
-- Dumping data for table `form_questions_information`
--

INSERT INTO `form_questions_information` (`id`, `question_id`, `section_id`, `sub_section_id`, `urgency_id`, `equivalent_point`) VALUES
(1, 1, 2, NULL, 2, 2),
(2, 2, 2, NULL, 2, 2),
(3, 3, 2, NULL, 2, 2),
(4, 4, 2, NULL, 2, 2),
(5, 5, 2, NULL, 2, 2),
(6, 6, 2, NULL, 1, 3),
(7, 7, 2, NULL, 1, 3),
(8, 8, 2, NULL, 2, NULL),
(9, 9, 2, NULL, 2, 2),
(10, 10, 2, NULL, 2, 2),
(11, 11, 2, NULL, 2, 2),
(12, 12, 2, NULL, 2, 2),
(13, 13, 2, NULL, 2, 2),
(14, 14, 2, NULL, 2, 2),
(15, 15, 2, NULL, 2, NULL),
(16, 16, 2, NULL, 2, 2),
(17, 17, 2, NULL, 2, 2),
(18, 18, 2, NULL, 2, 2),
(19, 19, 2, NULL, 2, 2),
(20, 20, 2, NULL, 2, 2),
(21, 21, 2, NULL, 2, 2),
(22, 22, 2, NULL, 2, 2),
(23, 23, 2, NULL, 2, 2),
(24, 24, 2, NULL, 2, 2),
(25, 25, 2, NULL, 2, 2),
(26, 26, 2, NULL, 3, 1),
(27, 27, 2, NULL, 3, 1),
(28, 28, 2, NULL, 3, 1),
(29, 29, 2, NULL, 3, 1),
(30, 30, 2, NULL, 3, 1),
(31, 31, 2, NULL, 2, 2),
(32, 32, 2, NULL, 2, 2),
(33, 33, 2, NULL, 2, 2),
(34, 34, 2, NULL, 2, 2),
(35, 35, 2, NULL, 2, 2),
(36, 36, 2, NULL, 2, 2),
(37, 37, 2, NULL, 1, 3),
(38, 38, 2, NULL, 3, 1),
(39, 39, 2, NULL, 1, 3),
(40, 40, 2, NULL, 2, 2),
(41, 41, 2, NULL, 1, 3),
(42, 42, 2, NULL, 1, 3),
(43, 43, 2, NULL, 2, 2),
(44, 44, 2, NULL, 2, 2),
(45, 45, 2, NULL, 1, 3),
(46, 46, 2, NULL, 1, 3),
(47, 47, 2, NULL, 1, 3),
(48, 48, 2, NULL, 1, 3),
(49, 49, 2, NULL, 2, NULL),
(50, 50, 3, NULL, 2, 2),
(51, 51, 3, NULL, 1, 3),
(52, 52, 3, NULL, 1, 3),
(53, 53, 3, NULL, 1, 3),
(54, 54, 3, NULL, 2, 2),
(55, 55, 3, NULL, 1, 3),
(56, 56, 3, NULL, 2, 2),
(57, 57, 3, NULL, 1, 3),
(58, 58, 3, NULL, 3, 1),
(59, 59, 3, NULL, 2, 2),
(60, 60, 3, NULL, 1, 3),
(61, 61, 3, NULL, 2, 2),
(62, 62, 3, NULL, 1, 3),
(63, 63, 3, NULL, 1, 3),
(64, 64, 3, NULL, 2, 2),
(65, 65, 3, NULL, 2, 2),
(66, 66, 3, NULL, 1, 3),
(67, 67, 3, NULL, 1, 3),
(68, 68, 3, NULL, 1, 3),
(69, 69, 3, NULL, 1, 3),
(70, 70, 3, NULL, 1, 3),
(71, 71, 3, NULL, 1, 3),
(72, 72, 3, NULL, 1, 3),
(73, 73, 3, NULL, 1, 3),
(74, 74, 3, NULL, 2, 2),
(75, 75, 4, NULL, 1, 3),
(76, 76, 4, NULL, 1, NULL),
(77, 77, 4, NULL, 2, 2),
(78, 78, 4, NULL, 2, 2),
(79, 79, 4, NULL, 1, 3),
(80, 80, 4, NULL, 2, 2),
(81, 81, 4, NULL, 3, 1),
(82, 82, 4, NULL, 1, 3),
(83, 83, 4, NULL, 1, 3),
(84, 84, 4, NULL, 1, 3),
(85, 85, 4, 1, 1, 3),
(86, 86, 4, 1, 3, 1),
(87, 87, 4, 1, 1, NULL),
(88, 88, 4, 1, 3, 1),
(89, 89, 4, 1, 2, 2),
(90, 90, 4, 1, 3, 1),
(91, 91, 4, 1, 1, 3),
(92, 92, 4, 1, 1, 3),
(93, 93, 4, 1, 1, 3),
(94, 94, 5, 2, 2, 2),
(95, 95, 5, 2, 2, 2),
(96, 96, 5, 2, 1, 3),
(97, 97, 5, 3, 1, 3),
(98, 98, 5, 3, 1, 3),
(99, 99, 5, 3, 1, 3),
(100, 100, 5, 3, 2, 2),
(101, 101, 5, 3, 1, 3),
(102, 102, 5, 3, 1, 3),
(103, 103, 5, 3, 1, 3),
(104, 104, 5, 3, 1, 3),
(105, 105, 5, 3, 1, 3),
(106, 106, 5, 3, 1, 3),
(107, 107, 5, 3, 1, 3),
(108, 108, 5, 4, 1, 3),
(109, 109, 5, 4, 3, 1),
(110, 110, 5, 4, 2, 2),
(111, 111, 5, 4, 1, 3),
(112, 112, 5, 4, 1, 3),
(113, 113, 5, 5, 3, NULL),
(114, 114, 5, 5, 1, 3),
(115, 115, 5, 5, 1, 3),
(116, 116, 5, 5, 1, 3),
(117, 117, 5, 5, 1, 3),
(118, 118, 5, 5, 1, 3),
(119, 119, 5, 6, 1, 3),
(120, 120, 5, 7, 1, 3),
(121, 121, 5, 7, 1, 3),
(122, 122, 5, 7, 1, 3),
(123, 123, 5, 7, 1, 3),
(124, 124, 6, 7, 1, 3),
(125, 125, 6, NULL, 1, 3),
(126, 126, 6, NULL, 1, NULL),
(127, 127, 6, NULL, 1, 3),
(128, 128, 6, NULL, 1, NULL),
(129, 129, 6, NULL, 1, NULL),
(130, 130, 6, NULL, 1, NULL),
(131, 131, 6, NULL, 1, 3),
(132, 132, 6, NULL, 1, NULL),
(133, 133, 6, NULL, 1, NULL),
(134, 134, 6, NULL, 1, NULL),
(135, 135, 6, NULL, 1, NULL),
(136, 136, 6, NULL, 1, 3),
(137, 137, 6, NULL, 1, 3),
(138, 138, 6, NULL, 1, 3),
(139, 139, 6, NULL, 1, 3),
(140, 140, 6, NULL, 1, 3),
(141, 141, 6, NULL, 1, 3),
(142, 142, 6, NULL, 2, 2),
(143, 143, 6, NULL, 2, 2),
(144, 144, 6, NULL, 1, 3),
(145, 145, 6, NULL, 1, NULL),
(146, 146, 6, NULL, 2, 2),
(147, 147, 6, NULL, 2, 2),
(148, 148, 6, NULL, 2, 2),
(149, 149, 6, NULL, 1, 3),
(150, 150, 6, NULL, 1, 3),
(151, 151, 6, NULL, 1, 3),
(152, 152, 6, NULL, 1, 3),
(153, 153, 6, NULL, 1, NULL),
(154, 154, 6, NULL, 1, 3),
(155, 155, 6, NULL, 1, 3),
(156, 156, 6, NULL, 1, 3),
(157, 157, 6, NULL, 1, 3),
(158, 158, 6, NULL, 1, NULL),
(159, 159, 6, NULL, 1, 3),
(160, 160, 6, NULL, 1, 3),
(161, 161, 6, NULL, 1, 3),
(162, 162, 6, NULL, 1, 3),
(163, 163, 6, NULL, 1, 3),
(164, 164, 6, NULL, 1, 3),
(165, 165, 6, NULL, 1, 3),
(166, 166, 6, NULL, 1, NULL),
(167, 167, 6, NULL, 1, NULL),
(168, 168, 6, NULL, 1, NULL),
(169, 169, 6, 8, 1, 3),
(170, 170, 6, 8, 1, 3),
(171, 171, 6, 8, 1, 3),
(172, 172, 6, 8, 1, 3),
(173, 173, 6, 8, 1, 3),
(174, 174, 6, 8, 1, 3),
(175, 175, 6, 8, 1, 3),
(176, 176, 6, 7, 1, 3),
(177, 177, 6, 7, 1, 3),
(178, 178, 6, 7, 1, 3),
(179, 179, 6, 7, 1, 3),
(180, 180, 6, 7, 1, 3),
(181, 181, 6, 7, 1, 3),
(182, 182, 6, 7, 1, 3),
(183, 183, 6, 7, 1, 3),
(184, 184, 6, 7, 1, NULL),
(185, 185, 6, 7, 1, 3),
(186, 186, 6, 7, 1, 3),
(187, 187, 6, 7, 1, 3),
(188, 188, 7, NULL, 1, 3),
(189, 189, 7, NULL, 2, 2),
(190, 190, 7, NULL, 1, 3),
(191, 191, 7, NULL, 1, 3),
(192, 192, 7, NULL, 2, NULL),
(193, 193, 7, NULL, 2, NULL),
(194, 194, 7, NULL, 1, 3),
(195, 195, 7, NULL, 1, 3),
(196, 196, 7, NULL, 1, 3),
(197, 197, 7, NULL, 1, 3),
(198, 198, 7, NULL, 1, 3),
(199, 199, 7, NULL, 3, NULL),
(200, 200, 7, NULL, 2, 2),
(201, 201, 7, NULL, 3, 1),
(202, 202, 7, NULL, 2, 2),
(203, 203, 7, NULL, 2, 2),
(204, 204, 7, NULL, 1, 3),
(205, 205, 7, NULL, 1, 3),
(206, 206, 7, NULL, 1, 3),
(207, 207, 7, NULL, 1, 3),
(208, 208, 7, NULL, 1, 3),
(209, 209, 7, NULL, 2, 2),
(210, 210, 7, NULL, 1, 3),
(211, 211, 7, NULL, 1, 3),
(212, 212, 7, NULL, 1, 3),
(213, 213, 7, NULL, 1, 3),
(214, 214, 8, NULL, 2, 2),
(215, 215, 8, NULL, 1, 3),
(216, 216, 8, NULL, 1, 3),
(217, 217, 8, NULL, 1, 3),
(218, 218, 8, NULL, 1, 3),
(219, 219, 8, NULL, 1, 3),
(220, 220, 8, NULL, 1, 3),
(221, 221, 8, NULL, 2, 2),
(222, 222, 8, NULL, 2, 2),
(223, 223, 8, NULL, 2, 2),
(224, 224, 8, NULL, 1, 3),
(225, 225, 8, NULL, 2, 2),
(226, 226, 8, NULL, 1, 3),
(227, 227, 8, NULL, 2, 2),
(228, 228, 8, NULL, 2, NULL),
(229, 229, 8, NULL, 2, NULL),
(230, 230, 8, NULL, 2, NULL),
(231, 231, 8, NULL, 2, NULL),
(232, 232, 8, NULL, 2, NULL),
(233, 233, 8, NULL, 1, 3),
(234, 234, 8, NULL, 1, NULL),
(235, 235, 8, NULL, 1, 3),
(236, 236, 8, NULL, 1, 3),
(237, 237, 8, NULL, 2, NULL),
(238, 238, 8, NULL, 2, NULL),
(239, 239, 8, NULL, 2, 2),
(240, 240, 8, 7, 1, NULL),
(241, 241, 8, 7, 1, 3),
(242, 242, 8, 7, 1, 3),
(243, 243, 8, 7, 2, 2),
(244, 244, 8, 7, 2, 2),
(245, 245, 8, 7, 1, 3),
(246, 246, 8, 7, 2, 2),
(247, 247, 9, NULL, 1, 3),
(248, 248, 9, NULL, 1, 3),
(249, 249, 9, NULL, 1, 3),
(250, 250, 9, NULL, 1, 3),
(251, 251, 9, NULL, 1, 3),
(252, 252, 9, NULL, 1, 3),
(253, 253, 9, NULL, 1, 3),
(254, 254, 9, NULL, 1, 3),
(255, 255, 9, NULL, 1, 3),
(256, 256, 9, NULL, 1, 3),
(257, 257, 9, NULL, 1, 3),
(258, 258, 9, NULL, 1, 3),
(259, 259, 9, NULL, 1, 3),
(260, 260, 9, NULL, 1, NULL),
(261, 261, 9, NULL, 1, NULL),
(262, 262, 9, NULL, 1, 3),
(263, 263, 9, NULL, 1, 3),
(264, 264, 9, NULL, 1, 3),
(265, 265, 9, NULL, 1, 3),
(266, 266, 9, NULL, 1, 3),
(267, 267, 9, NULL, 1, 3),
(268, 268, 9, NULL, 1, NULL),
(269, 269, 9, NULL, 1, 3),
(270, 270, 9, NULL, 1, NULL),
(271, 271, 9, NULL, 1, NULL),
(272, 272, 9, NULL, 1, NULL),
(273, 273, 9, NULL, 1, NULL),
(274, 274, 9, NULL, 1, 3),
(275, 275, 9, NULL, 1, 3),
(276, 276, 9, NULL, 1, 3),
(277, 277, 9, NULL, 1, 3),
(278, 278, 9, NULL, 1, 3),
(279, 279, 9, NULL, 1, 3),
(280, 280, 9, NULL, 1, 3),
(281, 281, 9, NULL, 1, 3),
(282, 282, 9, NULL, 1, NULL),
(283, 283, 9, NULL, 1, NULL),
(284, 284, 9, NULL, 1, NULL),
(285, 285, 9, NULL, 1, NULL),
(286, 286, 9, NULL, 1, NULL),
(287, 287, 9, NULL, 1, NULL),
(288, 288, 9, NULL, 1, NULL),
(289, 289, 9, NULL, 1, 3),
(290, 290, 9, NULL, 1, 3),
(291, 291, 9, NULL, 1, 3),
(292, 292, 9, NULL, 1, 3),
(293, 293, 9, NULL, 1, 3),
(294, 294, 10, NULL, 1, 3),
(295, 295, 10, NULL, 1, 3),
(296, 296, 10, NULL, 1, 3),
(297, 297, 10, NULL, 1, 3),
(298, 298, 10, NULL, 1, 3),
(299, 299, 10, NULL, 1, 3),
(300, 300, 10, NULL, 1, 3),
(301, 301, 10, NULL, 1, 3),
(302, 302, 7, NULL, 2, 2);

-- --------------------------------------------------------

--
-- Table structure for table `form_rating`
--

CREATE TABLE `form_rating` (
  `id` int(11) NOT NULL,
  `rating` int(1) DEFAULT NULL,
  `name` varchar(32) DEFAULT NULL,
  `description` varchar(32) DEFAULT NULL
) ENGINE=InnoDB DEFAULT CHARSET=utf8mb4;

--
-- Dumping data for table `form_rating`
--

INSERT INTO `form_rating` (`id`, `rating`, `name`, `description`) VALUES
(1, 1, '1 point', 'Less Critical'),
(2, 2, '2 point', 'Critical'),
(3, 3, '3 point', 'Most Critical');

-- --------------------------------------------------------

--
-- Table structure for table `form_sections`
--

CREATE TABLE `form_sections` (
  `id` decimal(11,0) NOT NULL,
  `section_name` varchar(64) DEFAULT NULL
) ENGINE=InnoDB DEFAULT CHARSET=utf8mb4;

--
-- Dumping data for table `form_sections`
--

INSERT INTO `form_sections` (`id`, `section_name`) VALUES
('1', 'INTERNAL QUALITY AUDIT GENERAL INFORMATION'),
('2', 'ENVIRONMENT'),
('3', 'CUSTOMER EXPERIENCE (SERVICE)'),
('4', 'SAFETY 3.1 SAFE FOOD HANDLING/ FACILITY SAFETY/FOOD SANITATION'),
('5', 'SAFETY 3.2 FOOD SAFETY PROCESS FLOW'),
('6', ' PRODUCT QUALITY/FOOD PREPARATION'),
('7', 'MATERIALS MANAGEMENT'),
('8', 'CASH HANDLING'),
('9', 'EQUIPMENT OPERATIONS MAINTENANCE'),
('10', 'RESOURCE MANAGEMENT');

-- --------------------------------------------------------

--
-- Table structure for table `form_sub_section`
--

CREATE TABLE `form_sub_section` (
  `id` int(11) NOT NULL,
  `sub_section_name` varchar(64) DEFAULT NULL
) ENGINE=InnoDB DEFAULT CHARSET=utf8mb4;

--
-- Dumping data for table `form_sub_section`
--

INSERT INTO `form_sub_section` (`id`, `sub_section_name`) VALUES
(1, 'SANITATION'),
(2, 'RECEIVING'),
(3, 'STORAGE'),
(4, 'FOOD PREPARATION'),
(5, 'COOKING & HOLDING'),
(6, 'SERVING'),
(7, 'OTHERS'),
(8, 'PROCEDURES AFFECTING QUALITY OF PRODUCTS');

-- --------------------------------------------------------

--
-- Table structure for table `form_urgency_level`
--

CREATE TABLE `form_urgency_level` (
  `id` int(11) NOT NULL,
  `level` int(1) DEFAULT NULL,
  `name` varchar(32) DEFAULT NULL,
  `description` varchar(256) DEFAULT NULL
) ENGINE=InnoDB DEFAULT CHARSET=utf8mb4;

--
-- Dumping data for table `form_urgency_level`
--

INSERT INTO `form_urgency_level` (`id`, `level`, `name`, `description`) VALUES
(1, 1, 'Most Crtitical', 'needs immediate corrective and p'),
(2, 2, 'Critical', 'needs immediate corrective actio'),
(3, 3, 'Less Critical', 'needs immediate corrective action & must provide preventive action within 72 hrs.');

-- --------------------------------------------------------

--
-- Table structure for table `users`
--

CREATE TABLE `users` (
  `id` int(11) NOT NULL,
  `ip_address` varchar(46) DEFAULT NULL,
  `role` int(11) NOT NULL,
  `first_name` varchar(64) DEFAULT NULL,
  `last_name` varchar(64) DEFAULT NULL,
  `company_name` varchar(128) DEFAULT NULL,
  `email` varchar(128) DEFAULT NULL,
  `phone_number` varchar(11) DEFAULT NULL,
  `password` varchar(32) DEFAULT NULL,
  `isActive` tinyint(1) DEFAULT NULL,
  `created_at` datetime DEFAULT NULL,
  `updated_at` datetime DEFAULT NULL,
  `last_login` datetime DEFAULT NULL
) ENGINE=InnoDB DEFAULT CHARSET=utf8mb4;

-- --------------------------------------------------------

--
-- Table structure for table `user_role`
--

CREATE TABLE `user_role` (
  `id` int(11) NOT NULL,
  `role_name` varchar(128) DEFAULT NULL
) ENGINE=InnoDB DEFAULT CHARSET=utf8mb4;

--
-- Dumping data for table `user_role`
--

INSERT INTO `user_role` (`id`, `role_name`) VALUES
(1, 'Administrator');

--
-- Indexes for dumped tables
--

--
-- Indexes for table `form_audit_type`
--
ALTER TABLE `form_audit_type`
  ADD PRIMARY KEY (`id`);

--
-- Indexes for table `form_category`
--
ALTER TABLE `form_category`
  ADD PRIMARY KEY (`id`);

--
-- Indexes for table `form_criteria_availability`
--
ALTER TABLE `form_criteria_availability`
  ADD PRIMARY KEY (`id`);

--
-- Indexes for table `form_questions`
--
ALTER TABLE `form_questions`
  ADD PRIMARY KEY (`id`);

--
-- Indexes for table `form_questions_information`
--
ALTER TABLE `form_questions_information`
  ADD PRIMARY KEY (`id`);

--
-- Indexes for table `form_rating`
--
ALTER TABLE `form_rating`
  ADD PRIMARY KEY (`id`);

--
-- Indexes for table `form_sections`
--
ALTER TABLE `form_sections`
  ADD PRIMARY KEY (`id`);

--
-- Indexes for table `form_sub_section`
--
ALTER TABLE `form_sub_section`
  ADD PRIMARY KEY (`id`);

--
-- Indexes for table `form_urgency_level`
--
ALTER TABLE `form_urgency_level`
  ADD PRIMARY KEY (`id`);

--
-- Indexes for table `users`
--
ALTER TABLE `users`
  ADD PRIMARY KEY (`id`);

--
-- Indexes for table `user_role`
--
ALTER TABLE `user_role`
  ADD PRIMARY KEY (`id`);

--
-- AUTO_INCREMENT for dumped tables
--

--
-- AUTO_INCREMENT for table `form_audit_type`
--
ALTER TABLE `form_audit_type`
  MODIFY `id` int(11) NOT NULL AUTO_INCREMENT, AUTO_INCREMENT=5;

--
-- AUTO_INCREMENT for table `form_criteria_availability`
--
ALTER TABLE `form_criteria_availability`
  MODIFY `id` int(11) NOT NULL AUTO_INCREMENT, AUTO_INCREMENT=827;

--
-- AUTO_INCREMENT for table `form_questions`
--
ALTER TABLE `form_questions`
  MODIFY `id` int(11) NOT NULL AUTO_INCREMENT, AUTO_INCREMENT=303;

--
-- AUTO_INCREMENT for table `form_questions_information`
--
ALTER TABLE `form_questions_information`
  MODIFY `id` int(11) NOT NULL AUTO_INCREMENT, AUTO_INCREMENT=303;

--
-- AUTO_INCREMENT for table `users`
--
ALTER TABLE `users`
  MODIFY `id` int(11) NOT NULL AUTO_INCREMENT;

--
-- AUTO_INCREMENT for table `user_role`
--
ALTER TABLE `user_role`
  MODIFY `id` int(11) NOT NULL AUTO_INCREMENT, AUTO_INCREMENT=2;
COMMIT;

/*!40101 SET CHARACTER_SET_CLIENT=@OLD_CHARACTER_SET_CLIENT */;
/*!40101 SET CHARACTER_SET_RESULTS=@OLD_CHARACTER_SET_RESULTS */;
/*!40101 SET COLLATION_CONNECTION=@OLD_COLLATION_CONNECTION */;
